2025-12-30 22:43:56 - CyneDirector - INFO - CyneDirector v2.1.0 - Logging initialized
2025-12-30 22:43:56 - CyneDirector - INFO - Log files: C:\Users\kanis\OneDrive\Desktop\Tools\CyneDirector_v20\logs\cynedirector.log, C:\Users\kanis\OneDrive\Desktop\Tools\CyneDirector_v20\logs\cynedirector_errors.log
2025-12-30 22:43:56 - CyneDirector.test - INFO - Logger test successful
2025-12-30 22:43:58 - CyneDirector - INFO - CyneDirector v2.1.0 - Logging initialized
2025-12-30 22:43:58 - CyneDirector - INFO - Log files: C:\Users\kanis\OneDrive\Desktop\Tools\CyneDirector_v20\logs\cynedirector.log, C:\Users\kanis\OneDrive\Desktop\Tools\CyneDirector_v20\logs\cynedirector_errors.log
2025-12-30 22:43:58 - CyneDirector.core.performance - DEBUG - Optimal batch size: 64 (available RAM: 37247MB)
2025-12-30 22:44:03 - CyneDirector - INFO - CyneDirector v2.1.0 - Logging initialized
2025-12-30 22:44:03 - CyneDirector - INFO - Log files: C:\Users\kanis\OneDrive\Desktop\Tools\CyneDirector_v20\logs\cynedirector.log, C:\Users\kanis\OneDrive\Desktop\Tools\CyneDirector_v20\logs\cynedirector_errors.log
2025-12-30 22:44:47 - CyneDirector - INFO - CyneDirector v2.1.0 - Logging initialized
2025-12-30 22:44:47 - CyneDirector - INFO - Log files: C:\Users\kanis\OneDrive\Desktop\Tools\CyneDirector_v20\logs\cynedirector.log, C:\Users\kanis\OneDrive\Desktop\Tools\CyneDirector_v20\logs\cynedirector_errors.log
2025-12-30 22:44:47 - CyneDirector.test - DEBUG - Debug message
2025-12-30 22:44:47 - CyneDirector.test - INFO - Info message
2025-12-30 22:44:47 - CyneDirector.test - WARNING - Warning message
2025-12-30 22:44:47 - CyneDirector.test - ERROR - Error message
2025-12-30 22:45:28 - CyneDirector - INFO - CyneDirector v2.1.0 - Logging initialized
2025-12-30 22:45:28 - CyneDirector - INFO - Log files: C:\Users\kanis\OneDrive\Desktop\Tools\CyneDirector_v20\logs\cynedirector.log, C:\Users\kanis\OneDrive\Desktop\Tools\CyneDirector_v20\logs\cynedirector_errors.log
2025-12-30 22:45:28 - CyneDirector.test - DEBUG - Debug message
2025-12-30 22:45:28 - CyneDirector.test - INFO - Info message
2025-12-30 22:45:28 - CyneDirector.test - WARNING - Warning message
2025-12-30 22:45:28 - CyneDirector.test - ERROR - Error message
2025-12-30 22:45:28 - CyneDirector.core.performance - DEBUG - Optimal batch size: 64 (available RAM: 37357MB)
2025-12-30 22:45:31 - CyneDirector.core.database - DEBUG - Initializing database for project: C:\Users\kanis\AppData\Local\Temp\tmp7222pvxg
2025-12-30 22:45:31 - CyneDirector.core.database - DEBUG - Database folder created: C:\Users\kanis\AppData\Local\Temp\tmp7222pvxg\_cyne_db
2025-12-30 22:45:31 - CyneDirector.core.database - DEBUG - Creating ChromaDB client
2025-12-30 22:45:31 - CyneDirector.core.database - DEBUG - ChromaDB client created
2025-12-30 22:45:31 - CyneDirector.core.database - DEBUG - Attempting to get existing visuals collection
2025-12-30 22:45:31 - CyneDirector.core.database - DEBUG - Creating new visuals collection with metadata
2025-12-30 22:45:31 - CyneDirector.core.database - DEBUG - Created visuals collection
2025-12-30 22:45:31 - CyneDirector.core.database - DEBUG - Attempting faces collection
2025-12-30 22:45:31 - CyneDirector.core.database - DEBUG - Attempting transcripts collection
2025-12-30 22:45:31 - CyneDirector.core.database - DEBUG - Attempting temporal_sequences collection
2025-12-30 22:45:31 - CyneDirector.core.database - INFO - Database initialization completed successfully
2025-12-30 22:45:31 - CyneDirector.core.database - DEBUG - Initializing database for project: C:\Users\kanis\AppData\Local\Temp\tmp_gbbchal
2025-12-30 22:45:31 - CyneDirector.core.database - DEBUG - Database folder created: C:\Users\kanis\AppData\Local\Temp\tmp_gbbchal\_cyne_db
2025-12-30 22:45:31 - CyneDirector.core.database - DEBUG - Creating ChromaDB client
2025-12-30 22:45:31 - CyneDirector.core.database - DEBUG - ChromaDB client created
2025-12-30 22:45:31 - CyneDirector.core.database - DEBUG - Attempting to get existing visuals collection
2025-12-30 22:45:31 - CyneDirector.core.database - DEBUG - Creating new visuals collection with metadata
2025-12-30 22:45:31 - CyneDirector.core.database - DEBUG - Created visuals collection
2025-12-30 22:45:31 - CyneDirector.core.database - DEBUG - Attempting faces collection
2025-12-30 22:45:31 - CyneDirector.core.database - DEBUG - Attempting transcripts collection
2025-12-30 22:45:31 - CyneDirector.core.database - DEBUG - Attempting temporal_sequences collection
2025-12-30 22:45:31 - CyneDirector.core.database - INFO - Database initialization completed successfully
2025-12-30 22:45:32 - CyneDirector.core.performance - DEBUG - Optimal batch size: 64 (available RAM: 36247MB)
2025-12-30 22:45:32 - CyneDirector.core.performance - DEBUG - Optimal batch size: 64 (available RAM: 36247MB)
2025-12-30 22:45:32 - CyneDirector.core.performance - DEBUG - Optimal batch size: 64 (available RAM: 36247MB)
2025-12-30 22:45:32 - CyneDirector.core.performance - DEBUG - Optimal batch size: 64 (available RAM: 36247MB)
2025-12-30 22:45:32 - CyneDirector.core.performance - DEBUG - Optimal batch size: 64 (available RAM: 36247MB)
2025-12-30 22:47:05 - CyneDirector - INFO - CyneDirector v2.1.0 - Logging initialized
2025-12-30 22:47:05 - CyneDirector - INFO - Log files: C:\Users\kanis\OneDrive\Desktop\Tools\CyneDirector_v20\logs\cynedirector.log, C:\Users\kanis\OneDrive\Desktop\Tools\CyneDirector_v20\logs\cynedirector_errors.log
2025-12-30 22:47:05 - CyneDirector.test - DEBUG - Debug message
2025-12-30 22:47:05 - CyneDirector.test - INFO - Info message
2025-12-30 22:47:05 - CyneDirector.test - WARNING - Warning message
2025-12-30 22:47:05 - CyneDirector.test - ERROR - Error message
2025-12-30 22:47:05 - CyneDirector.core.performance - DEBUG - Optimal batch size: 64 (available RAM: 37526MB)
2025-12-30 22:47:07 - CyneDirector.core.database - DEBUG - Initializing database for project: C:\Users\kanis\AppData\Local\Temp\tmpw2s1k9mw
2025-12-30 22:47:07 - CyneDirector.core.database - DEBUG - Database folder created: C:\Users\kanis\AppData\Local\Temp\tmpw2s1k9mw\_cyne_db
2025-12-30 22:47:07 - CyneDirector.core.database - DEBUG - Creating ChromaDB client
2025-12-30 22:47:08 - CyneDirector.core.database - DEBUG - ChromaDB client created
2025-12-30 22:47:08 - CyneDirector.core.database - DEBUG - Attempting to get existing visuals collection
2025-12-30 22:47:08 - CyneDirector.core.database - DEBUG - Creating new visuals collection with metadata
2025-12-30 22:47:08 - CyneDirector.core.database - DEBUG - Created visuals collection
2025-12-30 22:47:08 - CyneDirector.core.database - DEBUG - Attempting faces collection
2025-12-30 22:47:08 - CyneDirector.core.database - DEBUG - Attempting transcripts collection
2025-12-30 22:47:08 - CyneDirector.core.database - DEBUG - Attempting temporal_sequences collection
2025-12-30 22:47:08 - CyneDirector.core.database - INFO - Database initialization completed successfully
2025-12-30 22:47:08 - CyneDirector.core.database - DEBUG - Initializing database for project: C:\Users\kanis\AppData\Local\Temp\tmpylfetby3
2025-12-30 22:47:08 - CyneDirector.core.database - DEBUG - Database folder created: C:\Users\kanis\AppData\Local\Temp\tmpylfetby3\_cyne_db
2025-12-30 22:47:08 - CyneDirector.core.database - DEBUG - Creating ChromaDB client
2025-12-30 22:47:08 - CyneDirector.core.database - DEBUG - ChromaDB client created
2025-12-30 22:47:08 - CyneDirector.core.database - DEBUG - Attempting to get existing visuals collection
2025-12-30 22:47:08 - CyneDirector.core.database - DEBUG - Creating new visuals collection with metadata
2025-12-30 22:47:08 - CyneDirector.core.database - DEBUG - Created visuals collection
2025-12-30 22:47:08 - CyneDirector.core.database - DEBUG - Attempting faces collection
2025-12-30 22:47:08 - CyneDirector.core.database - DEBUG - Attempting transcripts collection
2025-12-30 22:47:08 - CyneDirector.core.database - DEBUG - Attempting temporal_sequences collection
2025-12-30 22:47:08 - CyneDirector.core.database - INFO - Database initialization completed successfully
2025-12-30 22:47:08 - CyneDirector.core.performance - DEBUG - Optimal batch size: 64 (available RAM: 36418MB)
2025-12-30 22:47:08 - CyneDirector.core.performance - DEBUG - Optimal batch size: 64 (available RAM: 36418MB)
2025-12-30 22:47:08 - CyneDirector.core.performance - DEBUG - Optimal batch size: 64 (available RAM: 36418MB)
2025-12-30 22:47:08 - CyneDirector.core.performance - DEBUG - Optimal batch size: 64 (available RAM: 36418MB)
2025-12-30 22:47:08 - CyneDirector.core.performance - DEBUG - Optimal batch size: 64 (available RAM: 36418MB)
2025-12-30 22:48:40 - CyneDirector - INFO - CyneDirector v2.1.0 - Logging initialized
2025-12-30 22:48:40 - CyneDirector - INFO - Log files: C:\Users\kanis\OneDrive\Desktop\Tools\CyneDirector_v20\logs\cynedirector.log, C:\Users\kanis\OneDrive\Desktop\Tools\CyneDirector_v20\logs\cynedirector_errors.log
2025-12-30 22:48:40 - CyneDirector.test - DEBUG - Debug message
2025-12-30 22:48:40 - CyneDirector.test - INFO - Info message
2025-12-30 22:48:40 - CyneDirector.test - WARNING - Warning message
2025-12-30 22:48:40 - CyneDirector.test - ERROR - Error message
2025-12-30 22:48:40 - CyneDirector.core.performance - DEBUG - Optimal batch size: 64 (available RAM: 37548MB)
2025-12-30 22:48:42 - CyneDirector.core.database - DEBUG - Initializing database for project: C:\Users\kanis\AppData\Local\Temp\tmp0culasde
2025-12-30 22:48:42 - CyneDirector.core.database - DEBUG - Database folder created: C:\Users\kanis\AppData\Local\Temp\tmp0culasde\_cyne_db
2025-12-30 22:48:42 - CyneDirector.core.database - DEBUG - Creating ChromaDB client
2025-12-30 22:48:42 - CyneDirector.core.database - DEBUG - ChromaDB client created
2025-12-30 22:48:42 - CyneDirector.core.database - DEBUG - Attempting to get existing visuals collection
2025-12-30 22:48:42 - CyneDirector.core.database - DEBUG - Creating new visuals collection with metadata
2025-12-30 22:48:42 - CyneDirector.core.database - DEBUG - Created visuals collection
2025-12-30 22:48:42 - CyneDirector.core.database - DEBUG - Attempting faces collection
2025-12-30 22:48:42 - CyneDirector.core.database - DEBUG - Attempting transcripts collection
2025-12-30 22:48:42 - CyneDirector.core.database - DEBUG - Attempting temporal_sequences collection
2025-12-30 22:48:42 - CyneDirector.core.database - INFO - Database initialization completed successfully
2025-12-30 22:48:55 - CyneDirector.core.database - DEBUG - Initializing database for project: C:\Users\kanis\AppData\Local\Temp\tmpcg5yay19
2025-12-30 22:48:55 - CyneDirector.core.database - DEBUG - Database folder created: C:\Users\kanis\AppData\Local\Temp\tmpcg5yay19\_cyne_db
2025-12-30 22:48:55 - CyneDirector.core.database - DEBUG - Creating ChromaDB client
2025-12-30 22:48:55 - CyneDirector.core.database - DEBUG - ChromaDB client created
2025-12-30 22:48:55 - CyneDirector.core.database - DEBUG - Attempting to get existing visuals collection
2025-12-30 22:48:55 - CyneDirector.core.database - DEBUG - Creating new visuals collection with metadata
2025-12-30 22:48:55 - CyneDirector.core.database - DEBUG - Created visuals collection
2025-12-30 22:48:55 - CyneDirector.core.database - DEBUG - Attempting faces collection
2025-12-30 22:48:55 - CyneDirector.core.database - DEBUG - Attempting transcripts collection
2025-12-30 22:48:55 - CyneDirector.core.database - DEBUG - Attempting temporal_sequences collection
2025-12-30 22:48:55 - CyneDirector.core.database - INFO - Database initialization completed successfully
2025-12-30 22:48:56 - CyneDirector.core.performance - DEBUG - Optimal batch size: 64 (available RAM: 35942MB)
2025-12-30 22:48:56 - CyneDirector.core.performance - DEBUG - Optimal batch size: 64 (available RAM: 35942MB)
2025-12-30 22:48:56 - CyneDirector.core.performance - DEBUG - Optimal batch size: 64 (available RAM: 35942MB)
2025-12-30 22:48:56 - CyneDirector.core.performance - DEBUG - Optimal batch size: 64 (available RAM: 35942MB)
2025-12-30 22:48:56 - CyneDirector.core.performance - DEBUG - Optimal batch size: 64 (available RAM: 35942MB)
2025-12-30 22:50:22 - CyneDirector - INFO - CyneDirector v2.1.0 - Logging initialized
2025-12-30 22:50:22 - CyneDirector - INFO - Log files: C:\Users\kanis\OneDrive\Desktop\Tools\CyneDirector_v20\logs\cynedirector.log, C:\Users\kanis\OneDrive\Desktop\Tools\CyneDirector_v20\logs\cynedirector_errors.log
2025-12-30 22:50:22 - CyneDirector.test - DEBUG - Debug message
2025-12-30 22:50:22 - CyneDirector.test - INFO - Info message
2025-12-30 22:50:22 - CyneDirector.test - WARNING - Warning message
2025-12-30 22:50:22 - CyneDirector.test - ERROR - Error message
2025-12-30 22:50:22 - CyneDirector.core.performance - DEBUG - Optimal batch size: 64 (available RAM: 37356MB)
2025-12-30 22:50:25 - CyneDirector.core.database - DEBUG - Initializing database for project: C:\Users\kanis\AppData\Local\Temp\tmpt2yidbny
2025-12-30 22:50:25 - CyneDirector.core.database - DEBUG - Database folder created: C:\Users\kanis\AppData\Local\Temp\tmpt2yidbny\_cyne_db
2025-12-30 22:50:25 - CyneDirector.core.database - DEBUG - Creating ChromaDB client
2025-12-30 22:50:25 - CyneDirector.core.database - DEBUG - ChromaDB client created
2025-12-30 22:50:25 - CyneDirector.core.database - DEBUG - Attempting to get existing visuals collection
2025-12-30 22:50:25 - CyneDirector.core.database - DEBUG - Creating new visuals collection with metadata
2025-12-30 22:50:25 - CyneDirector.core.database - DEBUG - Created visuals collection
2025-12-30 22:50:25 - CyneDirector.core.database - DEBUG - Attempting faces collection
2025-12-30 22:50:25 - CyneDirector.core.database - DEBUG - Attempting transcripts collection
2025-12-30 22:50:25 - CyneDirector.core.database - DEBUG - Attempting temporal_sequences collection
2025-12-30 22:50:25 - CyneDirector.core.database - INFO - Database initialization completed successfully
2025-12-30 22:50:37 - CyneDirector.core.database - DEBUG - Initializing database for project: C:\Users\kanis\AppData\Local\Temp\tmpx7ce3ntu
2025-12-30 22:50:37 - CyneDirector.core.database - DEBUG - Database folder created: C:\Users\kanis\AppData\Local\Temp\tmpx7ce3ntu\_cyne_db
2025-12-30 22:50:37 - CyneDirector.core.database - DEBUG - Creating ChromaDB client
2025-12-30 22:50:37 - CyneDirector.core.database - DEBUG - ChromaDB client created
2025-12-30 22:50:37 - CyneDirector.core.database - DEBUG - Attempting to get existing visuals collection
2025-12-30 22:50:37 - CyneDirector.core.database - DEBUG - Creating new visuals collection with metadata
2025-12-30 22:50:37 - CyneDirector.core.database - DEBUG - Created visuals collection
2025-12-30 22:50:37 - CyneDirector.core.database - DEBUG - Attempting faces collection
2025-12-30 22:50:37 - CyneDirector.core.database - DEBUG - Attempting transcripts collection
2025-12-30 22:50:37 - CyneDirector.core.database - DEBUG - Attempting temporal_sequences collection
2025-12-30 22:50:37 - CyneDirector.core.database - INFO - Database initialization completed successfully
2025-12-30 22:50:37 - CyneDirector.core.performance - DEBUG - Optimal batch size: 64 (available RAM: 35667MB)
2025-12-30 22:50:37 - CyneDirector.core.performance - DEBUG - Optimal batch size: 64 (available RAM: 35667MB)
2025-12-30 22:50:37 - CyneDirector.core.performance - DEBUG - Optimal batch size: 64 (available RAM: 35667MB)
2025-12-30 22:50:37 - CyneDirector.core.performance - DEBUG - Optimal batch size: 64 (available RAM: 35667MB)
2025-12-30 22:50:37 - CyneDirector.core.performance - DEBUG - Optimal batch size: 64 (available RAM: 35667MB)
2025-12-30 22:52:30 - CyneDirector - INFO - CyneDirector v2.1.0 - Logging initialized
2025-12-30 22:52:30 - CyneDirector - INFO - Log files: C:\Users\kanis\OneDrive\Desktop\Tools\CyneDirector_v20\logs\cynedirector.log, C:\Users\kanis\OneDrive\Desktop\Tools\CyneDirector_v20\logs\cynedirector_errors.log
2025-12-30 22:52:30 - CyneDirector.gui.project_dialog - DEBUG - Project dialog setup complete
2025-12-30 22:52:30 - CyneDirector.gui.project_dialog - DEBUG - Project dialog shown
2025-12-30 22:52:42 - CyneDirector - INFO - CyneDirector v2.1.0 - Logging initialized
2025-12-30 22:52:42 - CyneDirector - INFO - Log files: C:\Users\kanis\OneDrive\Desktop\Tools\CyneDirector_v20\logs\cynedirector.log, C:\Users\kanis\OneDrive\Desktop\Tools\CyneDirector_v20\logs\cynedirector_errors.log
2025-12-30 22:52:43 - CyneDirector.gui.project_dialog - DEBUG - Project dialog setup complete
2025-12-30 22:52:43 - CyneDirector.gui.project_dialog - DEBUG - Project dialog shown
2025-12-30 22:53:03 - CyneDirector.__main__ - INFO - Loading project: 1 at C:/Users/kanis/OneDrive/Desktop/Tools/Saves\1
2025-12-30 22:53:07 - CyneDirector.__main__ - ERROR - Exception during MainWindow creation
Traceback (most recent call last):
  File "C:\Users\kanis\OneDrive\Desktop\Tools\CyneDirector_v20/main.py", line 100, in main
    from gui.main_window import MainWindow
  File "C:\Users\kanis\OneDrive\Desktop\Tools\CyneDirector_v20\gui\main_window.py", line 17, in <module>
    from gui.search_tab import SearchTab
  File "C:\Users\kanis\OneDrive\Desktop\Tools\CyneDirector_v20\gui\search_tab.py", line 17, in <module>
    from gui.player_window import PlayerWindow
ImportError: cannot import name 'PlayerWindow' from 'gui.player_window' (C:\Users\kanis\OneDrive\Desktop\Tools\CyneDirector_v20\gui\player_window.py)
2025-12-30 22:55:12 - CyneDirector - INFO - CyneDirector v2.1.0 - Logging initialized
2025-12-30 22:55:12 - CyneDirector - INFO - Log files: C:\Users\kanis\OneDrive\Desktop\Tools\CyneDirector_v20\logs\cynedirector.log, C:\Users\kanis\OneDrive\Desktop\Tools\CyneDirector_v20\logs\cynedirector_errors.log
2025-12-30 22:55:32 - CyneDirector - INFO - CyneDirector v2.1.0 - Logging initialized
2025-12-30 22:55:32 - CyneDirector - INFO - Log files: C:\Users\kanis\OneDrive\Desktop\Tools\CyneDirector_v20\logs\cynedirector.log, C:\Users\kanis\OneDrive\Desktop\Tools\CyneDirector_v20\logs\cynedirector_errors.log
2025-12-30 22:55:32 - CyneDirector.gui.project_dialog - DEBUG - Project dialog setup complete
2025-12-30 22:55:32 - CyneDirector.gui.project_dialog - DEBUG - Project dialog shown
2025-12-30 22:55:37 - CyneDirector.__main__ - INFO - Loading project: 2 at C:/Users/kanis/OneDrive/Desktop/Tools/Saves\2
2025-12-30 22:55:42 - CyneDirector.__main__ - DEBUG - Creating MainWindow instance
2025-12-30 22:55:42 - CyneDirector.gui.main_window - DEBUG - Initializing MainWindow: 2 at C:/Users/kanis/OneDrive/Desktop/Tools/Saves\2
2025-12-30 22:55:42 - CyneDirector.gui.main_window - DEBUG - Initializing Database
2025-12-30 22:55:42 - CyneDirector.core.database - DEBUG - Initializing database for project: C:/Users/kanis/OneDrive/Desktop/Tools/Saves\2
2025-12-30 22:55:42 - CyneDirector.core.database - DEBUG - Database folder created: C:/Users/kanis/OneDrive/Desktop/Tools/Saves\2\_cyne_db
2025-12-30 22:55:42 - CyneDirector.core.database - DEBUG - Creating ChromaDB client
2025-12-30 22:55:42 - CyneDirector.core.database - DEBUG - ChromaDB client created
2025-12-30 22:55:42 - CyneDirector.core.database - DEBUG - Attempting to get existing visuals collection
2025-12-30 22:55:42 - CyneDirector.core.database - DEBUG - Creating new visuals collection with metadata
2025-12-30 22:55:42 - CyneDirector.core.database - DEBUG - Created visuals collection
2025-12-30 22:55:42 - CyneDirector.core.database - DEBUG - Attempting faces collection
2025-12-30 22:55:42 - CyneDirector.core.database - DEBUG - Attempting transcripts collection
2025-12-30 22:55:42 - CyneDirector.core.database - DEBUG - Attempting temporal_sequences collection
2025-12-30 22:55:42 - CyneDirector.core.database - INFO - Database initialization completed successfully
2025-12-30 22:55:42 - CyneDirector.gui.main_window - DEBUG - Database initialized
2025-12-30 22:55:42 - CyneDirector.gui.main_window - DEBUG - Initializing WorkflowManager
2025-12-30 22:55:42 - CyneDirector.gui.main_window - DEBUG - WorkflowManager initialized and connected
2025-12-30 22:55:42 - CyneDirector.gui.main_window - DEBUG - Setting up UI
2025-12-30 22:55:43 - CyneDirector.__main__ - ERROR - Exception during MainWindow creation
Traceback (most recent call last):
  File "C:\Users\kanis\OneDrive\Desktop\Tools\CyneDirector_v20/main.py", line 103, in main
    window = MainWindow(project_path, project_name)
             ^^^^^^^^^^^^^^^^^^^^^^^^^^^^^^^^^^^^^^
  File "C:\Users\kanis\OneDrive\Desktop\Tools\CyneDirector_v20\gui\main_window.py", line 71, in __init__
    self.setup_ui()
  File "C:\Users\kanis\OneDrive\Desktop\Tools\CyneDirector_v20\gui\main_window.py", line 537, in setup_ui
    self.setup_media_page()
  File "C:\Users\kanis\OneDrive\Desktop\Tools\CyneDirector_v20\gui\main_window.py", line 1381, in setup_media_page
    from gui.embedded_player import EmbeddedPlayerWidget
ImportError: cannot import name 'EmbeddedPlayerWidget' from 'gui.embedded_player' (C:\Users\kanis\OneDrive\Desktop\Tools\CyneDirector_v20\gui\embedded_player.py)
2025-12-30 22:57:44 - CyneDirector - INFO - CyneDirector v2.1.0 - Logging initialized
2025-12-30 22:57:44 - CyneDirector - INFO - Log files: C:\Users\kanis\OneDrive\Desktop\Tools\CyneDirector_v20\logs\cynedirector.log, C:\Users\kanis\OneDrive\Desktop\Tools\CyneDirector_v20\logs\cynedirector_errors.log
2025-12-30 22:57:51 - CyneDirector - INFO - CyneDirector v2.1.0 - Logging initialized
2025-12-30 22:57:51 - CyneDirector - INFO - Log files: C:\Users\kanis\OneDrive\Desktop\Tools\CyneDirector_v20\logs\cynedirector.log, C:\Users\kanis\OneDrive\Desktop\Tools\CyneDirector_v20\logs\cynedirector_errors.log
2025-12-30 22:57:59 - CyneDirector - INFO - CyneDirector v2.1.0 - Logging initialized
2025-12-30 22:57:59 - CyneDirector - INFO - Log files: C:\Users\kanis\OneDrive\Desktop\Tools\CyneDirector_v20\logs\cynedirector.log, C:\Users\kanis\OneDrive\Desktop\Tools\CyneDirector_v20\logs\cynedirector_errors.log
2025-12-30 22:58:22 - CyneDirector - INFO - CyneDirector v2.1.0 - Logging initialized
2025-12-30 22:58:22 - CyneDirector - INFO - Log files: C:\Users\kanis\OneDrive\Desktop\Tools\CyneDirector_v20\logs\cynedirector.log, C:\Users\kanis\OneDrive\Desktop\Tools\CyneDirector_v20\logs\cynedirector_errors.log
2025-12-30 22:58:22 - CyneDirector.gui.project_dialog - DEBUG - Project dialog setup complete
2025-12-30 22:58:22 - CyneDirector.gui.project_dialog - DEBUG - Project dialog shown
2025-12-30 22:58:29 - CyneDirector.__main__ - INFO - Loading project: 3 at C:/Users/kanis/OneDrive/Desktop/Tools/Saves\3
2025-12-30 22:58:34 - CyneDirector.__main__ - DEBUG - Creating MainWindow instance
2025-12-30 22:58:34 - CyneDirector.gui.main_window - DEBUG - Initializing MainWindow: 3 at C:/Users/kanis/OneDrive/Desktop/Tools/Saves\3
2025-12-30 22:58:34 - CyneDirector.gui.main_window - DEBUG - Initializing Database
2025-12-30 22:58:34 - CyneDirector.core.database - DEBUG - Initializing database for project: C:/Users/kanis/OneDrive/Desktop/Tools/Saves\3
2025-12-30 22:58:34 - CyneDirector.core.database - DEBUG - Database folder created: C:/Users/kanis/OneDrive/Desktop/Tools/Saves\3\_cyne_db
2025-12-30 22:58:34 - CyneDirector.core.database - DEBUG - Creating ChromaDB client
2025-12-30 22:58:34 - CyneDirector.core.database - DEBUG - ChromaDB client created
2025-12-30 22:58:34 - CyneDirector.core.database - DEBUG - Attempting to get existing visuals collection
2025-12-30 22:58:34 - CyneDirector.core.database - DEBUG - Creating new visuals collection with metadata
2025-12-30 22:58:34 - CyneDirector.core.database - DEBUG - Created visuals collection
2025-12-30 22:58:34 - CyneDirector.core.database - DEBUG - Attempting faces collection
2025-12-30 22:58:34 - CyneDirector.core.database - DEBUG - Attempting transcripts collection
2025-12-30 22:58:34 - CyneDirector.core.database - DEBUG - Attempting temporal_sequences collection
2025-12-30 22:58:34 - CyneDirector.core.database - INFO - Database initialization completed successfully
2025-12-30 22:58:34 - CyneDirector.gui.main_window - DEBUG - Database initialized
2025-12-30 22:58:34 - CyneDirector.gui.main_window - DEBUG - Initializing WorkflowManager
2025-12-30 22:58:34 - CyneDirector.gui.main_window - DEBUG - WorkflowManager initialized and connected
2025-12-30 22:58:34 - CyneDirector.gui.main_window - DEBUG - Setting up UI
2025-12-30 22:58:34 - CyneDirector.gui.embedded_player - DEBUG - EmbeddedPlayerWidget initialized
2025-12-30 22:58:40 - CyneDirector.gui.main_window - DEBUG - UI setup complete, creating menu bar
2025-12-30 22:58:40 - CyneDirector.gui.main_window - DEBUG - Menu bar created
2025-12-30 22:58:40 - CyneDirector.gui.main_window - DEBUG - Loading project
2025-12-30 22:58:40 - CyneDirector.gui.main_window - DEBUG - MainWindow initialization complete
2025-12-30 22:58:40 - CyneDirector.__main__ - DEBUG - MainWindow created successfully
2025-12-30 22:58:40 - CyneDirector.__main__ - INFO - MainWindow shown, entering event loop
2025-12-30 22:59:19 - CyneDirector.gui.embedded_player - DEBUG - Loading video: E:/Freelance/Mansi/MoaT/00_Raw/Papi Chulo Hostel/Aadam/PBE_0372.MOV at 0s
2025-12-30 22:59:21 - CyneDirector.gui.embedded_player - DEBUG - Loading video: E:/Freelance/Mansi/MoaT/00_Raw/Papi Chulo Hostel/Aadam/PBE_0282.MOV at 0s
2025-12-30 22:59:22 - CyneDirector.gui.embedded_player - DEBUG - Loading video: E:/Freelance/Mansi/MoaT/00_Raw/Papi Chulo Hostel/Aadam/PBE_0328.MOV at 0s
2025-12-30 22:59:23 - CyneDirector.gui.embedded_player - DEBUG - Loading video: E:/Freelance/Mansi/MoaT/00_Raw/Papi Chulo Hostel/Aadam/PBE_0353.MOV at 0s
2025-12-30 22:59:26 - CyneDirector.gui.embedded_player - DEBUG - Loading video: E:/Freelance/Mansi/MoaT/00_Raw/Papi Chulo Hostel/Aadam/PBE_0372.MOV at 0s
2025-12-30 22:59:30 - CyneDirector.__main__ - CRITICAL - CRASH: name 'get_optimal_batch_size' is not defined
Traceback (most recent call last):
  File "C:\Users\kanis\OneDrive\Desktop\Tools\CyneDirector_v20\gui\main_window.py", line 1306, in on_workflow_operation_started
    self._start_worker_for_operation(op_type, file_paths)
  File "C:\Users\kanis\OneDrive\Desktop\Tools\CyneDirector_v20\gui\main_window.py", line 1336, in _start_worker_for_operation
    self._start_indexer_worker(file_paths)
  File "C:\Users\kanis\OneDrive\Desktop\Tools\CyneDirector_v20\gui\main_window.py", line 2026, in _start_indexer_worker
    self.worker = IndexerWorker(files, self.project_path, mode=mode)
                  ^^^^^^^^^^^^^^^^^^^^^^^^^^^^^^^^^^^^^^^^^^^^^^^^^^
  File "C:\Users\kanis\OneDrive\Desktop\Tools\CyneDirector_v20\workers\indexer.py", line 37, in __init__
    self.batch_size = get_optimal_batch_size(base_batch_accuracy, min_batch=16, max_batch=64)
                      ^^^^^^^^^^^^^^^^^^^^^^
NameError: name 'get_optimal_batch_size' is not defined

2025-12-30 23:00:38 - CyneDirector - INFO - CyneDirector v2.1.0 - Logging initialized
2025-12-30 23:00:38 - CyneDirector - INFO - Log files: C:\Users\kanis\OneDrive\Desktop\Tools\CyneDirector_v20\logs\cynedirector.log, C:\Users\kanis\OneDrive\Desktop\Tools\CyneDirector_v20\logs\cynedirector_errors.log
2025-12-30 23:00:48 - CyneDirector.core.ai_models - DEBUG - Unloading models (keep_clip=False)
2025-12-30 23:00:48 - CyneDirector.core.ai_models - INFO - Releasing GPU Resources...
2025-12-30 23:00:48 - CyneDirector.core.ai_models - INFO - VRAM purged
2025-12-30 23:00:59 - CyneDirector - INFO - CyneDirector v2.1.0 - Logging initialized
2025-12-30 23:00:59 - CyneDirector - INFO - Log files: C:\Users\kanis\OneDrive\Desktop\Tools\CyneDirector_v20\logs\cynedirector.log, C:\Users\kanis\OneDrive\Desktop\Tools\CyneDirector_v20\logs\cynedirector_errors.log
2025-12-30 23:00:59 - CyneDirector.gui.project_dialog - DEBUG - Project dialog setup complete
2025-12-30 23:00:59 - CyneDirector.gui.project_dialog - DEBUG - Project dialog shown
2025-12-30 23:01:06 - CyneDirector.__main__ - INFO - Loading project: 4 at C:/Users/kanis/OneDrive/Desktop/Tools/Saves\4
2025-12-30 23:01:10 - CyneDirector.__main__ - DEBUG - Creating MainWindow instance
2025-12-30 23:01:10 - CyneDirector.gui.main_window - DEBUG - Initializing MainWindow: 4 at C:/Users/kanis/OneDrive/Desktop/Tools/Saves\4
2025-12-30 23:01:10 - CyneDirector.gui.main_window - DEBUG - Initializing Database
2025-12-30 23:01:10 - CyneDirector.core.database - DEBUG - Initializing database for project: C:/Users/kanis/OneDrive/Desktop/Tools/Saves\4
2025-12-30 23:01:10 - CyneDirector.core.database - DEBUG - Database folder created: C:/Users/kanis/OneDrive/Desktop/Tools/Saves\4\_cyne_db
2025-12-30 23:01:10 - CyneDirector.core.database - DEBUG - Creating ChromaDB client
2025-12-30 23:01:11 - CyneDirector.core.database - DEBUG - ChromaDB client created
2025-12-30 23:01:11 - CyneDirector.core.database - DEBUG - Attempting to get existing visuals collection
2025-12-30 23:01:11 - CyneDirector.core.database - DEBUG - Creating new visuals collection with metadata
2025-12-30 23:01:11 - CyneDirector.core.database - DEBUG - Created visuals collection
2025-12-30 23:01:11 - CyneDirector.core.database - DEBUG - Attempting faces collection
2025-12-30 23:01:11 - CyneDirector.core.database - DEBUG - Attempting transcripts collection
2025-12-30 23:01:11 - CyneDirector.core.database - DEBUG - Attempting temporal_sequences collection
2025-12-30 23:01:11 - CyneDirector.core.database - INFO - Database initialization completed successfully
2025-12-30 23:01:11 - CyneDirector.gui.main_window - DEBUG - Database initialized
2025-12-30 23:01:11 - CyneDirector.gui.main_window - DEBUG - Initializing WorkflowManager
2025-12-30 23:01:11 - CyneDirector.gui.main_window - DEBUG - WorkflowManager initialized and connected
2025-12-30 23:01:11 - CyneDirector.gui.main_window - DEBUG - Setting up UI
2025-12-30 23:01:11 - CyneDirector.gui.embedded_player - DEBUG - EmbeddedPlayerWidget initialized
2025-12-30 23:01:16 - CyneDirector.gui.main_window - DEBUG - UI setup complete, creating menu bar
2025-12-30 23:01:16 - CyneDirector.gui.main_window - DEBUG - Menu bar created
2025-12-30 23:01:17 - CyneDirector.gui.main_window - DEBUG - Loading project
2025-12-30 23:01:17 - CyneDirector.gui.main_window - DEBUG - MainWindow initialization complete
2025-12-30 23:01:17 - CyneDirector.__main__ - DEBUG - MainWindow created successfully
2025-12-30 23:01:17 - CyneDirector.__main__ - INFO - MainWindow shown, entering event loop
2025-12-30 23:01:27 - CyneDirector.core.performance - DEBUG - Optimal batch size: 64 (available RAM: 35507MB)
2025-12-30 23:01:27 - CyneDirector.workers.indexer - INFO - Indexer initialized with batch_size=64 (mode=accuracy)
2025-12-30 23:01:27 - CyneDirector.core.performance - DEBUG - Memory usage IndexerWorker init: 1304MB / 35507MB available
2025-12-30 23:01:27 - CyneDirector.workers.indexer - DEBUG - IndexerWorker.run() started (mode=accuracy)
2025-12-30 23:01:52 - CyneDirector.core.performance - DEBUG - Memory usage Before indexing loop: 3145MB / 33578MB available
2025-12-30 23:01:52 - CyneDirector.__main__ - CRITICAL - CRASH: cannot access local variable 'os' where it is not associated with a value
Traceback (most recent call last):
  File "C:\Users\kanis\OneDrive\Desktop\Tools\CyneDirector_v20\workers\indexer.py", line 117, in run
    filename = os.path.basename(video_path)
               ^^
UnboundLocalError: cannot access local variable 'os' where it is not associated with a value

2025-12-30 23:02:44 - CyneDirector - INFO - CyneDirector v2.1.0 - Logging initialized
2025-12-30 23:02:44 - CyneDirector - INFO - Log files: C:\Users\kanis\OneDrive\Desktop\Tools\CyneDirector_v20\logs\cynedirector.log, C:\Users\kanis\OneDrive\Desktop\Tools\CyneDirector_v20\logs\cynedirector_errors.log
2025-12-30 23:03:09 - CyneDirector - INFO - CyneDirector v2.1.0 - Logging initialized
2025-12-30 23:03:09 - CyneDirector - INFO - Log files: C:\Users\kanis\OneDrive\Desktop\Tools\CyneDirector_v20\logs\cynedirector.log, C:\Users\kanis\OneDrive\Desktop\Tools\CyneDirector_v20\logs\cynedirector_errors.log
2025-12-30 23:03:09 - CyneDirector.gui.project_dialog - DEBUG - Project dialog setup complete
2025-12-30 23:03:09 - CyneDirector.gui.project_dialog - DEBUG - Project dialog shown
2025-12-30 23:03:17 - CyneDirector.__main__ - INFO - Loading project: 5 at C:/Users/kanis/OneDrive/Desktop/Tools/Saves\5
2025-12-30 23:03:22 - CyneDirector.__main__ - DEBUG - Creating MainWindow instance
2025-12-30 23:03:22 - CyneDirector.gui.main_window - DEBUG - Initializing MainWindow: 5 at C:/Users/kanis/OneDrive/Desktop/Tools/Saves\5
2025-12-30 23:03:22 - CyneDirector.gui.main_window - DEBUG - Initializing Database
2025-12-30 23:03:22 - CyneDirector.core.database - DEBUG - Initializing database for project: C:/Users/kanis/OneDrive/Desktop/Tools/Saves\5
2025-12-30 23:03:22 - CyneDirector.core.database - DEBUG - Database folder created: C:/Users/kanis/OneDrive/Desktop/Tools/Saves\5\_cyne_db
2025-12-30 23:03:22 - CyneDirector.core.database - DEBUG - Creating ChromaDB client
2025-12-30 23:03:22 - CyneDirector.core.database - DEBUG - ChromaDB client created
2025-12-30 23:03:22 - CyneDirector.core.database - DEBUG - Attempting to get existing visuals collection
2025-12-30 23:03:22 - CyneDirector.core.database - DEBUG - Creating new visuals collection with metadata
2025-12-30 23:03:22 - CyneDirector.core.database - DEBUG - Created visuals collection
2025-12-30 23:03:22 - CyneDirector.core.database - DEBUG - Attempting faces collection
2025-12-30 23:03:22 - CyneDirector.core.database - DEBUG - Attempting transcripts collection
2025-12-30 23:03:22 - CyneDirector.core.database - DEBUG - Attempting temporal_sequences collection
2025-12-30 23:03:22 - CyneDirector.core.database - INFO - Database initialization completed successfully
2025-12-30 23:03:22 - CyneDirector.gui.main_window - DEBUG - Database initialized
2025-12-30 23:03:22 - CyneDirector.gui.main_window - DEBUG - Initializing WorkflowManager
2025-12-30 23:03:22 - CyneDirector.gui.main_window - DEBUG - WorkflowManager initialized and connected
2025-12-30 23:03:22 - CyneDirector.gui.main_window - DEBUG - Setting up UI
2025-12-30 23:03:22 - CyneDirector.gui.embedded_player - DEBUG - EmbeddedPlayerWidget initialized
2025-12-30 23:03:28 - CyneDirector.gui.main_window - DEBUG - UI setup complete, creating menu bar
2025-12-30 23:03:28 - CyneDirector.gui.main_window - DEBUG - Menu bar created
2025-12-30 23:03:28 - CyneDirector.gui.main_window - DEBUG - Loading project
2025-12-30 23:03:28 - CyneDirector.gui.main_window - DEBUG - MainWindow initialization complete
2025-12-30 23:03:28 - CyneDirector.__main__ - DEBUG - MainWindow created successfully
2025-12-30 23:03:28 - CyneDirector.__main__ - INFO - MainWindow shown, entering event loop
2025-12-30 23:03:35 - CyneDirector.core.performance - DEBUG - Optimal batch size: 64 (available RAM: 35679MB)
2025-12-30 23:03:35 - CyneDirector.workers.indexer - INFO - Indexer initialized with batch_size=64 (mode=accuracy)
2025-12-30 23:03:35 - CyneDirector.core.performance - DEBUG - Memory usage IndexerWorker init: 1304MB / 35679MB available
2025-12-30 23:03:35 - CyneDirector.workers.indexer - DEBUG - IndexerWorker.run() started (mode=accuracy)
2025-12-30 23:03:56 - CyneDirector.core.performance - DEBUG - Memory usage Before indexing loop: 6739MB / 30564MB available
2025-12-30 23:03:56 - CyneDirector.core.performance - DEBUG - Memory usage Processing file 1/4: 6739MB / 30564MB available
2025-12-30 23:06:02 - CyneDirector.gui.embedded_player - DEBUG - Loading video: E:/Freelance/Mansi/MoaT/00_Raw/Papi Chulo Hostel/Aadam/PBE_0282.MOV at 0s
2025-12-30 23:06:48 - CyneDirector.gui.embedded_player - DEBUG - Loading video: E:/Freelance/Mansi/MoaT/00_Raw/Papi Chulo Hostel/Aadam/PBE_0353.MOV at 0s
2025-12-30 23:07:00 - CyneDirector.workers.indexer - DEBUG - Unloading models (keeping CLIP for transcript embeddings)
2025-12-30 23:07:00 - CyneDirector.core.ai_models - DEBUG - Unloading models (keep_clip=True)
2025-12-30 23:07:00 - CyneDirector.core.ai_models - INFO - Releasing GPU Resources...
2025-12-30 23:07:00 - CyneDirector.core.ai_models - DEBUG - Keeping CLIP loaded (needed for transcript embeddings)
2025-12-30 23:07:00 - CyneDirector.core.ai_models - INFO - VRAM purged
2025-12-30 23:07:00 - CyneDirector.workers.indexer - DEBUG - Models unloaded successfully
2025-12-30 23:07:00 - CyneDirector.workers.indexer - DEBUG - Indexing complete, emitting finished signal
2025-12-30 23:07:05 - CyneDirector.gui.embedded_player - DEBUG - Loading video: E:/Freelance/Mansi/MoaT/00_Raw/Papi Chulo Hostel/Aadam/PBE_0353.MOV at 0s
2025-12-30 23:07:06 - CyneDirector.__main__ - CRITICAL - CRASH: cannot access local variable 'os' where it is not associated with a value
Traceback (most recent call last):
  File "C:\Users\kanis\OneDrive\Desktop\Tools\CyneDirector_v20\workers\transcriber.py", line 59, in run
    filename = os.path.basename(video_path)
               ^^
UnboundLocalError: cannot access local variable 'os' where it is not associated with a value

2025-12-30 23:08:59 - CyneDirector - INFO - CyneDirector v2.1.0 - Logging initialized
2025-12-30 23:08:59 - CyneDirector - INFO - Log files: C:\Users\kanis\OneDrive\Desktop\Tools\CyneDirector_v20\logs\cynedirector.log, C:\Users\kanis\OneDrive\Desktop\Tools\CyneDirector_v20\logs\cynedirector_errors.log
2025-12-30 23:09:29 - CyneDirector - INFO - CyneDirector v2.1.0 - Logging initialized
2025-12-30 23:09:29 - CyneDirector - INFO - Log files: C:\Users\kanis\OneDrive\Desktop\Tools\CyneDirector_v20\logs\cynedirector.log, C:\Users\kanis\OneDrive\Desktop\Tools\CyneDirector_v20\logs\cynedirector_errors.log
2025-12-30 23:09:29 - CyneDirector.gui.project_dialog - DEBUG - Project dialog setup complete
2025-12-30 23:09:29 - CyneDirector.gui.project_dialog - DEBUG - Project dialog shown
2025-12-30 23:09:36 - CyneDirector.__main__ - INFO - Loading project: 6 at C:/Users/kanis/OneDrive/Desktop/Tools/Saves\6
2025-12-30 23:09:41 - CyneDirector.__main__ - DEBUG - Creating MainWindow instance
2025-12-30 23:09:41 - CyneDirector.gui.main_window - DEBUG - Initializing MainWindow: 6 at C:/Users/kanis/OneDrive/Desktop/Tools/Saves\6
2025-12-30 23:09:41 - CyneDirector.gui.main_window - DEBUG - Initializing Database
2025-12-30 23:09:41 - CyneDirector.core.database - DEBUG - Initializing database for project: C:/Users/kanis/OneDrive/Desktop/Tools/Saves\6
2025-12-30 23:09:41 - CyneDirector.core.database - DEBUG - Database folder created: C:/Users/kanis/OneDrive/Desktop/Tools/Saves\6\_cyne_db
2025-12-30 23:09:41 - CyneDirector.core.database - DEBUG - Creating ChromaDB client
2025-12-30 23:09:41 - CyneDirector.core.database - DEBUG - ChromaDB client created
2025-12-30 23:09:41 - CyneDirector.core.database - DEBUG - Attempting to get existing visuals collection
2025-12-30 23:09:41 - CyneDirector.core.database - DEBUG - Creating new visuals collection with metadata
2025-12-30 23:09:42 - CyneDirector.core.database - DEBUG - Created visuals collection
2025-12-30 23:09:42 - CyneDirector.core.database - DEBUG - Attempting faces collection
2025-12-30 23:09:42 - CyneDirector.core.database - DEBUG - Attempting transcripts collection
2025-12-30 23:09:42 - CyneDirector.core.database - DEBUG - Attempting temporal_sequences collection
2025-12-30 23:09:42 - CyneDirector.core.database - INFO - Database initialization completed successfully
2025-12-30 23:09:42 - CyneDirector.gui.main_window - DEBUG - Database initialized
2025-12-30 23:09:42 - CyneDirector.gui.main_window - DEBUG - Initializing WorkflowManager
2025-12-30 23:09:42 - CyneDirector.gui.main_window - DEBUG - WorkflowManager initialized and connected
2025-12-30 23:09:42 - CyneDirector.gui.main_window - DEBUG - Setting up UI
2025-12-30 23:09:42 - CyneDirector.gui.embedded_player - DEBUG - EmbeddedPlayerWidget initialized
2025-12-30 23:09:47 - CyneDirector.gui.main_window - DEBUG - UI setup complete, creating menu bar
2025-12-30 23:09:47 - CyneDirector.gui.main_window - DEBUG - Menu bar created
2025-12-30 23:09:48 - CyneDirector.gui.main_window - DEBUG - Loading project
2025-12-30 23:09:48 - CyneDirector.gui.main_window - DEBUG - MainWindow initialization complete
2025-12-30 23:09:48 - CyneDirector.__main__ - DEBUG - MainWindow created successfully
2025-12-30 23:09:48 - CyneDirector.__main__ - INFO - MainWindow shown, entering event loop
2025-12-30 23:09:55 - CyneDirector.core.performance - DEBUG - Optimal batch size: 64 (available RAM: 38776MB)
2025-12-30 23:09:55 - CyneDirector.workers.indexer - INFO - Indexer initialized with batch_size=64 (mode=accuracy)
2025-12-30 23:09:55 - CyneDirector.core.performance - DEBUG - Memory usage IndexerWorker init: 1306MB / 38776MB available
2025-12-30 23:09:55 - CyneDirector.workers.indexer - DEBUG - IndexerWorker.run() started (mode=accuracy)
2025-12-30 23:10:09 - CyneDirector.gui.embedded_player - DEBUG - Loading video: E:/Freelance/Mansi/MoaT/00_Raw/Papi Chulo Hostel/Aadam/PBE_0282.MOV at 0s
2025-12-30 23:10:12 - CyneDirector.gui.embedded_player - DEBUG - Loading video: E:/Freelance/Mansi/MoaT/00_Raw/Papi Chulo Hostel/Aadam/PBE_0282.MOV at 0s
2025-12-30 23:10:12 - CyneDirector.gui.embedded_player - DEBUG - Loading video: E:/Freelance/Mansi/MoaT/00_Raw/Papi Chulo Hostel/Aadam/PBE_0353.MOV at 0s
2025-12-30 23:10:13 - CyneDirector.gui.embedded_player - DEBUG - Loading video: E:/Freelance/Mansi/MoaT/00_Raw/Papi Chulo Hostel/Aadam/PBE_0282.MOV at 0s
2025-12-30 23:10:16 - CyneDirector.core.performance - DEBUG - Memory usage Before indexing loop: 6749MB / 33227MB available
2025-12-30 23:10:16 - CyneDirector.workers.indexer - DEBUG - Unloading models (keeping CLIP for transcript embeddings)
2025-12-30 23:10:16 - CyneDirector.core.ai_models - DEBUG - Unloading models (keep_clip=True)
2025-12-30 23:10:16 - CyneDirector.core.ai_models - INFO - Releasing GPU Resources...
2025-12-30 23:10:16 - CyneDirector.core.ai_models - DEBUG - Keeping CLIP loaded (needed for transcript embeddings)
2025-12-30 23:10:16 - CyneDirector.core.ai_models - INFO - VRAM purged
2025-12-30 23:10:16 - CyneDirector.workers.indexer - DEBUG - Models unloaded successfully
2025-12-30 23:10:16 - CyneDirector.workers.indexer - DEBUG - Indexing complete, emitting finished signal
2025-12-30 23:10:17 - CyneDirector.gui.embedded_player - DEBUG - Loading video: E:/Freelance/Mansi/MoaT/00_Raw/Papi Chulo Hostel/Aadam/PBE_0282.MOV at 0s
2025-12-30 23:10:25 - CyneDirector.gui.embedded_player - DEBUG - Loading video: E:/Freelance/Mansi/MoaT/00_Raw/Papi Chulo Hostel/Aadam/PBE_0347.MOV at 0s
2025-12-30 23:10:28 - CyneDirector.gui.embedded_player - DEBUG - Loading video: E:/Freelance/Mansi/MoaT/00_Raw/Papi Chulo Hostel/Aadam/PBE_0355.MOV at 0s
2025-12-30 23:10:33 - CyneDirector.core.performance - DEBUG - Optimal batch size: 64 (available RAM: 32990MB)
2025-12-30 23:10:33 - CyneDirector.workers.indexer - INFO - Indexer initialized with batch_size=64 (mode=accuracy)
2025-12-30 23:10:33 - CyneDirector.core.performance - DEBUG - Memory usage IndexerWorker init: 6907MB / 32990MB available
2025-12-30 23:10:33 - CyneDirector.workers.indexer - DEBUG - IndexerWorker.run() started (mode=accuracy)
2025-12-30 23:10:44 - CyneDirector.core.performance - DEBUG - Memory usage Before indexing loop: 8370MB / 31556MB available
2025-12-30 23:10:44 - CyneDirector.core.performance - DEBUG - Memory usage Processing file 1/4: 8370MB / 31556MB available
2025-12-30 23:12:26 - CyneDirector.gui.embedded_player - DEBUG - Loading video: E:/Freelance/Mansi/MoaT/00_Raw/Papi Chulo Hostel/Aadam/PBE_0355.MOV at 0s
2025-12-30 23:12:58 - CyneDirector.workers.indexer - DEBUG - Unloading models (keeping CLIP for transcript embeddings)
2025-12-30 23:12:58 - CyneDirector.core.ai_models - DEBUG - Unloading models (keep_clip=True)
2025-12-30 23:12:58 - CyneDirector.core.ai_models - INFO - Releasing GPU Resources...
2025-12-30 23:12:58 - CyneDirector.core.ai_models - DEBUG - Keeping CLIP loaded (needed for transcript embeddings)
2025-12-30 23:12:58 - CyneDirector.core.ai_models - INFO - VRAM purged
2025-12-30 23:12:58 - CyneDirector.workers.indexer - DEBUG - Models unloaded successfully
2025-12-30 23:12:58 - CyneDirector.workers.indexer - DEBUG - Indexing complete, emitting finished signal
2025-12-30 23:13:03 - CyneDirector.gui.embedded_player - DEBUG - Loading video: E:/Freelance/Mansi/MoaT/00_Raw/Papi Chulo Hostel/Aadam/PBE_0355.MOV at 0s
2025-12-30 23:16:04 - CyneDirector.gui.embedded_player - DEBUG - Loading video: E:/Freelance/Mansi/MoaT/00_Raw/Papi Chulo Hostel/Aadam/PBE_0361.MOV at 0s
2025-12-30 23:16:08 - CyneDirector.gui.embedded_player - DEBUG - Loading video: E:/Freelance/Mansi/MoaT/00_Raw/Papi Chulo Hostel/Aadam/PBE_0347.MOV at 0s
2025-12-30 23:16:25 - CyneDirector.gui.embedded_player - DEBUG - Loading video: E:/Freelance/Mansi/MoaT/00_Raw/Papi Chulo Hostel/Aadam/PBE_0355.MOV at 0s
2025-12-30 23:16:26 - CyneDirector.gui.embedded_player - DEBUG - Loading video: E:/Freelance/Mansi/MoaT/00_Raw/Papi Chulo Hostel/Aadam/PBE_0347.MOV at 0s
2025-12-30 23:16:27 - CyneDirector.gui.embedded_player - DEBUG - Loading video: E:/Freelance/Mansi/MoaT/00_Raw/Papi Chulo Hostel/Aadam/PBE_0355.MOV at 0s
2025-12-30 23:16:28 - CyneDirector.gui.embedded_player - DEBUG - Loading video: E:/Freelance/Mansi/MoaT/00_Raw/Papi Chulo Hostel/Aadam/PBE_0361.MOV at 0s
2025-12-30 23:16:31 - CyneDirector.gui.embedded_player - DEBUG - Loading video: E:/Freelance/Mansi/MoaT/00_Raw/Papi Chulo Hostel/Aadam/PBE_0316.MOV at 0s
2025-12-30 23:16:33 - CyneDirector.gui.embedded_player - DEBUG - Loading video: E:/Freelance/Mansi/MoaT/00_Raw/Papi Chulo Hostel/Aadam/PBE_0361.MOV at 0s
2025-12-30 23:16:34 - CyneDirector.gui.embedded_player - DEBUG - Loading video: E:/Freelance/Mansi/MoaT/00_Raw/Papi Chulo Hostel/Aadam/PBE_0316.MOV at 0s
2025-12-30 23:16:35 - CyneDirector.gui.embedded_player - DEBUG - Loading video: E:/Freelance/Mansi/MoaT/00_Raw/Papi Chulo Hostel/Aadam/PBE_0361.MOV at 0s
2025-12-30 23:16:35 - CyneDirector.gui.embedded_player - DEBUG - Loading video: E:/Freelance/Mansi/MoaT/00_Raw/Papi Chulo Hostel/Aadam/PBE_0316.MOV at 0s
2025-12-30 23:17:26 - CyneDirector.core.ai_models - DEBUG - Unloading models (keep_clip=False)
2025-12-30 23:17:41 - CyneDirector.core.ai_models - INFO - Releasing GPU Resources...
2025-12-30 23:17:41 - CyneDirector.core.ai_models - INFO - VRAM purged
2025-12-30 23:18:02 - CyneDirector - INFO - CyneDirector v2.1.0 - Logging initialized
2025-12-30 23:18:02 - CyneDirector - INFO - Log files: C:\Users\kanis\OneDrive\Desktop\Tools\CyneDirector_v20\logs\cynedirector.log, C:\Users\kanis\OneDrive\Desktop\Tools\CyneDirector_v20\logs\cynedirector_errors.log
2025-12-30 23:18:40 - CyneDirector - INFO - CyneDirector v2.1.0 - Logging initialized
2025-12-30 23:18:40 - CyneDirector - INFO - Log files: C:\Users\kanis\OneDrive\Desktop\Tools\CyneDirector_v20\logs\cynedirector.log, C:\Users\kanis\OneDrive\Desktop\Tools\CyneDirector_v20\logs\cynedirector_errors.log
2025-12-30 23:18:40 - CyneDirector.gui.project_dialog - DEBUG - Project dialog setup complete
2025-12-30 23:18:40 - CyneDirector.gui.project_dialog - DEBUG - Project dialog shown
2025-12-30 23:18:47 - CyneDirector.__main__ - INFO - Loading project: 7 at C:/Users/kanis/OneDrive/Desktop/Tools/Saves\7
2025-12-30 23:18:51 - CyneDirector.__main__ - DEBUG - Creating MainWindow instance
2025-12-30 23:18:51 - CyneDirector.gui.main_window - DEBUG - Initializing MainWindow: 7 at C:/Users/kanis/OneDrive/Desktop/Tools/Saves\7
2025-12-30 23:18:51 - CyneDirector.gui.main_window - DEBUG - Initializing Database
2025-12-30 23:18:51 - CyneDirector.core.database - DEBUG - Initializing database for project: C:/Users/kanis/OneDrive/Desktop/Tools/Saves\7
2025-12-30 23:18:51 - CyneDirector.core.database - DEBUG - Database folder created: C:/Users/kanis/OneDrive/Desktop/Tools/Saves\7\_cyne_db
2025-12-30 23:18:51 - CyneDirector.core.database - DEBUG - Creating ChromaDB client
2025-12-30 23:18:52 - CyneDirector.core.database - DEBUG - ChromaDB client created
2025-12-30 23:18:52 - CyneDirector.core.database - DEBUG - Attempting to get existing visuals collection
2025-12-30 23:18:52 - CyneDirector.core.database - DEBUG - Creating new visuals collection with metadata
2025-12-30 23:18:52 - CyneDirector.core.database - DEBUG - Created visuals collection
2025-12-30 23:18:52 - CyneDirector.core.database - DEBUG - Attempting faces collection
2025-12-30 23:18:52 - CyneDirector.core.database - DEBUG - Attempting transcripts collection
2025-12-30 23:18:52 - CyneDirector.core.database - DEBUG - Attempting temporal_sequences collection
2025-12-30 23:18:52 - CyneDirector.core.database - INFO - Database initialization completed successfully
2025-12-30 23:18:52 - CyneDirector.gui.main_window - DEBUG - Database initialized
2025-12-30 23:18:52 - CyneDirector.gui.main_window - DEBUG - Initializing WorkflowManager
2025-12-30 23:18:52 - CyneDirector.gui.main_window - DEBUG - WorkflowManager initialized and connected
2025-12-30 23:18:52 - CyneDirector.gui.main_window - DEBUG - Setting up UI
2025-12-30 23:18:52 - CyneDirector.gui.embedded_player - DEBUG - EmbeddedPlayerWidget initialized
2025-12-30 23:18:57 - CyneDirector.gui.main_window - DEBUG - UI setup complete, creating menu bar
2025-12-30 23:18:57 - CyneDirector.gui.main_window - DEBUG - Menu bar created
2025-12-30 23:18:58 - CyneDirector.gui.main_window - DEBUG - Loading project
2025-12-30 23:18:58 - CyneDirector.gui.main_window - DEBUG - MainWindow initialization complete
2025-12-30 23:18:58 - CyneDirector.__main__ - DEBUG - MainWindow created successfully
2025-12-30 23:18:58 - CyneDirector.__main__ - INFO - MainWindow shown, entering event loop
2025-12-30 23:19:08 - CyneDirector.core.performance - DEBUG - Optimal batch size: 64 (available RAM: 37025MB)
2025-12-30 23:19:08 - CyneDirector.workers.indexer - INFO - Indexer initialized with batch_size=64 (mode=accuracy)
2025-12-30 23:19:08 - CyneDirector.core.performance - DEBUG - Memory usage IndexerWorker init: 1305MB / 37025MB available
2025-12-30 23:19:08 - CyneDirector.workers.indexer - DEBUG - IndexerWorker.run() started (mode=accuracy)
2025-12-30 23:19:36 - CyneDirector.core.performance - DEBUG - Memory usage Before indexing loop: 2995MB / 35607MB available
2025-12-30 23:19:36 - CyneDirector.core.performance - DEBUG - Memory usage Processing file 1/4: 2995MB / 35607MB available
2025-12-30 23:21:48 - CyneDirector.workers.indexer - DEBUG - Unloading models (keeping CLIP for transcript embeddings)
2025-12-30 23:21:48 - CyneDirector.core.ai_models - DEBUG - Unloading models (keep_clip=True)
2025-12-30 23:21:48 - CyneDirector.core.ai_models - INFO - Releasing GPU Resources...
2025-12-30 23:21:48 - CyneDirector.core.ai_models - DEBUG - Keeping CLIP loaded (needed for transcript embeddings)
2025-12-30 23:21:48 - CyneDirector.core.ai_models - INFO - VRAM purged
2025-12-30 23:21:48 - CyneDirector.workers.indexer - DEBUG - Models unloaded successfully
2025-12-30 23:21:48 - CyneDirector.workers.indexer - DEBUG - Indexing complete, emitting finished signal
2025-12-30 23:28:00 - CyneDirector.gui.embedded_player - DEBUG - Loading video: E:/Freelance/Mansi/MoaT/00_Raw/Papi Chulo Hostel/Aadam/PBE_0347.MOV at 0s
2025-12-30 23:30:01 - CyneDirector - INFO - CyneDirector v2.1.0 - Logging initialized
2025-12-30 23:30:01 - CyneDirector - INFO - Log files: C:\Users\kanis\OneDrive\Desktop\Tools\CyneDirector_v20\logs\cynedirector.log, C:\Users\kanis\OneDrive\Desktop\Tools\CyneDirector_v20\logs\cynedirector_errors.log
2025-12-30 23:30:40 - CyneDirector - INFO - CyneDirector v2.1.0 - Logging initialized
2025-12-30 23:30:40 - CyneDirector - INFO - Log files: C:\Users\kanis\OneDrive\Desktop\Tools\CyneDirector_v20\logs\cynedirector.log, C:\Users\kanis\OneDrive\Desktop\Tools\CyneDirector_v20\logs\cynedirector_errors.log
2025-12-30 23:30:41 - CyneDirector.gui.project_dialog - DEBUG - Project dialog setup complete
2025-12-30 23:30:41 - CyneDirector.gui.project_dialog - DEBUG - Project dialog shown
2025-12-30 23:30:48 - CyneDirector.__main__ - INFO - Loading project: 8 at C:/Users/kanis/OneDrive/Desktop/Tools/Saves\8
2025-12-30 23:30:54 - CyneDirector.__main__ - DEBUG - Creating MainWindow instance
2025-12-30 23:30:54 - CyneDirector.gui.main_window - DEBUG - Initializing MainWindow: 8 at C:/Users/kanis/OneDrive/Desktop/Tools/Saves\8
2025-12-30 23:30:54 - CyneDirector.gui.main_window - DEBUG - Initializing Database
2025-12-30 23:30:54 - CyneDirector.core.database - DEBUG - Initializing database for project: C:/Users/kanis/OneDrive/Desktop/Tools/Saves\8
2025-12-30 23:30:54 - CyneDirector.core.database - DEBUG - Database folder created: C:/Users/kanis/OneDrive/Desktop/Tools/Saves\8\_cyne_db
2025-12-30 23:30:54 - CyneDirector.core.database - DEBUG - Creating ChromaDB client
2025-12-30 23:30:54 - CyneDirector.core.database - DEBUG - ChromaDB client created
2025-12-30 23:30:54 - CyneDirector.core.database - DEBUG - Attempting to get existing visuals collection
2025-12-30 23:30:54 - CyneDirector.core.database - DEBUG - Creating new visuals collection with metadata
2025-12-30 23:30:54 - CyneDirector.core.database - DEBUG - Created visuals collection
2025-12-30 23:30:54 - CyneDirector.core.database - DEBUG - Attempting faces collection
2025-12-30 23:30:54 - CyneDirector.core.database - DEBUG - Attempting transcripts collection
2025-12-30 23:30:54 - CyneDirector.core.database - DEBUG - Attempting temporal_sequences collection
2025-12-30 23:30:54 - CyneDirector.core.database - INFO - Database initialization completed successfully
2025-12-30 23:30:54 - CyneDirector.gui.main_window - DEBUG - Database initialized
2025-12-30 23:30:54 - CyneDirector.gui.main_window - DEBUG - Initializing WorkflowManager
2025-12-30 23:30:54 - CyneDirector.gui.main_window - DEBUG - WorkflowManager initialized and connected
2025-12-30 23:30:54 - CyneDirector.gui.main_window - DEBUG - Setting up UI
2025-12-30 23:30:54 - CyneDirector.gui.embedded_player - DEBUG - EmbeddedPlayerWidget initialized
2025-12-30 23:31:00 - CyneDirector.gui.main_window - DEBUG - UI setup complete, creating menu bar
2025-12-30 23:31:00 - CyneDirector.gui.main_window - DEBUG - Menu bar created
2025-12-30 23:31:01 - CyneDirector.gui.main_window - DEBUG - Loading project
2025-12-30 23:31:01 - CyneDirector.gui.main_window - DEBUG - MainWindow initialization complete
2025-12-30 23:31:01 - CyneDirector.__main__ - DEBUG - MainWindow created successfully
2025-12-30 23:31:01 - CyneDirector.__main__ - INFO - MainWindow shown, entering event loop
2025-12-30 23:31:05 - CyneDirector.gui.embedded_player - DEBUG - Loading video: E:/Freelance/Mansi/MoaT/00_Raw/Papi Chulo Hostel/Aadam/PBE_0355.MOV at 0s
2025-12-30 23:31:06 - CyneDirector.gui.embedded_player - DEBUG - Loading video: E:/Freelance/Mansi/MoaT/00_Raw/Papi Chulo Hostel/Aadam/PBE_0316.MOV at 0s
2025-12-30 23:31:10 - CyneDirector.core.performance - DEBUG - Optimal batch size: 64 (available RAM: 37168MB)
2025-12-30 23:31:10 - CyneDirector.workers.indexer - INFO - Indexer initialized with batch_size=64 (mode=accuracy)
2025-12-30 23:31:10 - CyneDirector.core.performance - DEBUG - Memory usage IndexerWorker init: 1541MB / 37167MB available
2025-12-30 23:31:10 - CyneDirector.workers.indexer - DEBUG - IndexerWorker.run() started (mode=accuracy)
2025-12-30 23:31:34 - CyneDirector.core.performance - DEBUG - Memory usage Before indexing loop: 6961MB / 31898MB available
2025-12-30 23:31:34 - CyneDirector.core.performance - DEBUG - Memory usage Processing file 1/2: 6961MB / 31898MB available
2025-12-30 23:32:21 - CyneDirector.workers.indexer - DEBUG - Unloading models (keeping CLIP for transcript embeddings)
2025-12-30 23:32:21 - CyneDirector.core.ai_models - DEBUG - Unloading models (keep_clip=True)
2025-12-30 23:32:21 - CyneDirector.core.ai_models - INFO - Releasing GPU Resources...
2025-12-30 23:32:21 - CyneDirector.gui.embedded_player - DEBUG - Loading video: E:/Freelance/Mansi/MoaT/00_Raw/Papi Chulo Hostel/Aadam/PBE_0316.MOV at 0s
2025-12-30 23:32:21 - CyneDirector.core.ai_models - DEBUG - Keeping CLIP loaded (needed for transcript embeddings)
2025-12-30 23:32:21 - CyneDirector.core.ai_models - INFO - VRAM purged
2025-12-30 23:32:21 - CyneDirector.workers.indexer - DEBUG - Models unloaded successfully
2025-12-30 23:32:21 - CyneDirector.workers.indexer - DEBUG - Indexing complete, emitting finished signal
2025-12-30 23:32:26 - CyneDirector.gui.embedded_player - DEBUG - Loading video: E:/Freelance/Mansi/MoaT/00_Raw/Papi Chulo Hostel/Aadam/PBE_0316.MOV at 0s
2025-12-30 23:36:07 - CyneDirector.core.ai_models - DEBUG - Unloading models (keep_clip=False)
2025-12-30 23:36:07 - CyneDirector.core.ai_models - INFO - Releasing GPU Resources...
2025-12-30 23:36:07 - CyneDirector.gui.embedded_player - DEBUG - Loading video: E:/Freelance/Mansi/MoaT/00_Raw/Papi Chulo Hostel/Aadam/PBE_0316.MOV at 0s
2025-12-30 23:36:08 - CyneDirector.core.ai_models - INFO - VRAM purged
2025-12-30 23:36:08 - CyneDirector.gui.embedded_player - DEBUG - Loading video: E:/Freelance/Mansi/MoaT/00_Raw/Papi Chulo Hostel/Aadam/PBE_0316.MOV at 0s
2025-12-30 23:36:12 - CyneDirector.gui.embedded_player - DEBUG - Loading video: E:/Freelance/Mansi/MoaT/00_Raw/Papi Chulo Hostel/Aadam/PBE_0355.MOV at 0s
2025-12-30 23:36:38 - CyneDirector.gui.embedded_player - DEBUG - Loading video: E:/Freelance/Mansi/MoaT/00_Raw/Papi Chulo Hostel/Aadam/PBE_0316.MOV at 0s
2025-12-30 23:38:18 - CyneDirector.core.ai_models - DEBUG - Unloading models (keep_clip=False)
2025-12-30 23:38:18 - CyneDirector.core.ai_models - INFO - Releasing GPU Resources...
2025-12-30 23:38:18 - CyneDirector.core.ai_models - INFO - VRAM purged
2025-12-30 23:42:05 - CyneDirector - INFO - CyneDirector v2.1.0 - Logging initialized
2025-12-30 23:42:05 - CyneDirector - INFO - Log files: C:\Users\kanis\OneDrive\Desktop\Tools\CyneDirector_v20\logs\cynedirector.log, C:\Users\kanis\OneDrive\Desktop\Tools\CyneDirector_v20\logs\cynedirector_errors.log
2026-01-02 15:52:01 - CyneDirector - INFO - CyneDirector v2.1.0 - Logging initialized
2026-01-02 15:52:01 - CyneDirector - INFO - Log files: C:\Users\kanis\OneDrive\Desktop\Tools\CyneDirector_v20\logs\cynedirector.log, C:\Users\kanis\OneDrive\Desktop\Tools\CyneDirector_v20\logs\cynedirector_errors.log
2026-01-02 15:52:01 - CyneDirector.gui.project_dialog - DEBUG - Project dialog setup complete
2026-01-02 15:52:01 - CyneDirector.gui.project_dialog - DEBUG - Project dialog shown
2026-01-02 15:52:28 - CyneDirector.__main__ - INFO - Loading project: 1 at C:/Users/kanis/OneDrive/Desktop/Tools/Saves\1
2026-01-02 15:52:37 - CyneDirector.__main__ - DEBUG - Creating MainWindow instance
2026-01-02 15:52:37 - CyneDirector.gui.main_window - DEBUG - Initializing MainWindow: 1 at C:/Users/kanis/OneDrive/Desktop/Tools/Saves\1
2026-01-02 15:52:37 - CyneDirector.gui.main_window - DEBUG - Initializing Database
2026-01-02 15:52:37 - CyneDirector.core.database - DEBUG - Initializing database for project: C:/Users/kanis/OneDrive/Desktop/Tools/Saves\1
2026-01-02 15:52:37 - CyneDirector.core.database - DEBUG - Database folder created: C:/Users/kanis/OneDrive/Desktop/Tools/Saves\1\_cyne_db
2026-01-02 15:52:37 - CyneDirector.core.database - DEBUG - Creating ChromaDB client
2026-01-02 15:52:38 - CyneDirector.core.database - DEBUG - ChromaDB client created
2026-01-02 15:52:38 - CyneDirector.core.database - DEBUG - Attempting to get existing visuals collection
2026-01-02 15:52:38 - CyneDirector.core.database - DEBUG - Creating new visuals collection with metadata
2026-01-02 15:52:38 - CyneDirector.core.database - DEBUG - Created visuals collection
2026-01-02 15:52:38 - CyneDirector.core.database - DEBUG - Attempting faces collection
2026-01-02 15:52:38 - CyneDirector.core.database - DEBUG - Attempting transcripts collection
2026-01-02 15:52:38 - CyneDirector.core.database - DEBUG - Attempting temporal_sequences collection
2026-01-02 15:52:38 - CyneDirector.core.database - INFO - Database initialization completed successfully
2026-01-02 15:52:38 - CyneDirector.gui.main_window - DEBUG - Database initialized
2026-01-02 15:52:38 - CyneDirector.gui.main_window - DEBUG - Initializing WorkflowManager
2026-01-02 15:52:38 - CyneDirector.gui.main_window - DEBUG - WorkflowManager initialized and connected
2026-01-02 15:52:38 - CyneDirector.gui.main_window - DEBUG - Setting up UI
2026-01-02 15:52:38 - CyneDirector.gui.embedded_player - DEBUG - EmbeddedPlayerWidget initialized
2026-01-02 15:52:43 - CyneDirector.gui.main_window - DEBUG - UI setup complete, creating menu bar
2026-01-02 15:52:43 - CyneDirector.gui.main_window - DEBUG - Menu bar created
2026-01-02 15:52:45 - CyneDirector.gui.main_window - DEBUG - Loading project
2026-01-02 15:52:45 - CyneDirector.gui.main_window - DEBUG - MainWindow initialization complete
2026-01-02 15:52:45 - CyneDirector.__main__ - DEBUG - MainWindow created successfully
2026-01-02 15:52:45 - CyneDirector.__main__ - INFO - MainWindow shown, entering event loop
2026-01-02 15:53:05 - CyneDirector.gui.embedded_player - DEBUG - Loading video: G:/Freelance/Mansi Daga/Studio Sorted/07_Export/Reel 2 - v3 Colored.mov at 0s
2026-01-02 15:53:13 - CyneDirector.gui.metadata_panel - INFO - Translation: Checking for existing transcript...
2026-01-02 15:53:13 - CyneDirector.gui.metadata_panel - INFO - Translation: No transcript found. Transcribing audio...
2026-01-02 15:53:13 - CyneDirector.gui.metadata_panel - INFO - Translation: Loading Whisper model...
2026-01-02 15:53:36 - CyneDirector.gui.metadata_panel - INFO - Translation: Transcribing audio...
2026-01-02 15:54:44 - CyneDirector.workers.transcribe_translate_worker - ERROR - Translation error: name 'get_whisper_translator' is not defined
2026-01-02 15:54:44 - CyneDirector.gui.metadata_panel - INFO - Translation: Saved 30 transcript segments
2026-01-02 15:54:44 - CyneDirector.gui.metadata_panel - INFO - Translation: Translating transcript to English...
2026-01-02 15:54:44 - CyneDirector.gui.metadata_panel - INFO - Translation: Translation error: name 'get_whisper_translator' is not defined
2026-01-02 15:54:44 - CyneDirector.gui.metadata_panel - INFO - Translation: Formatting translated transcript...
2026-01-02 15:54:44 - CyneDirector.gui.metadata_panel - INFO - Translation: Translation complete!
2026-01-02 16:01:29 - CyneDirector.core.ai_models - DEBUG - Unloading models (keep_clip=False)
2026-01-02 16:01:29 - CyneDirector.core.ai_models - INFO - Releasing GPU Resources...
2026-01-02 16:01:29 - CyneDirector.core.ai_models - INFO - VRAM purged
2026-01-02 16:02:51 - CyneDirector - INFO - CyneDirector v2.1.0 - Logging initialized
2026-01-02 16:02:51 - CyneDirector - INFO - Log files: C:\Users\kanis\OneDrive\Desktop\Tools\CyneDirector_v20\logs\cynedirector.log, C:\Users\kanis\OneDrive\Desktop\Tools\CyneDirector_v20\logs\cynedirector_errors.log
2026-01-02 16:02:51 - CyneDirector.gui.project_dialog - DEBUG - Project dialog setup complete
2026-01-02 16:02:51 - CyneDirector.gui.project_dialog - DEBUG - Project dialog shown
2026-01-02 16:02:57 - CyneDirector.__main__ - INFO - Loading project: 2 at C:/Users/kanis/OneDrive/Desktop/Tools/Saves\2
2026-01-02 16:03:01 - CyneDirector.__main__ - DEBUG - Creating MainWindow instance
2026-01-02 16:03:01 - CyneDirector.gui.main_window - DEBUG - Initializing MainWindow: 2 at C:/Users/kanis/OneDrive/Desktop/Tools/Saves\2
2026-01-02 16:03:01 - CyneDirector.gui.main_window - DEBUG - Initializing Database
2026-01-02 16:03:01 - CyneDirector.core.database - DEBUG - Initializing database for project: C:/Users/kanis/OneDrive/Desktop/Tools/Saves\2
2026-01-02 16:03:01 - CyneDirector.core.database - DEBUG - Database folder created: C:/Users/kanis/OneDrive/Desktop/Tools/Saves\2\_cyne_db
2026-01-02 16:03:01 - CyneDirector.core.database - DEBUG - Creating ChromaDB client
2026-01-02 16:03:02 - CyneDirector.core.database - DEBUG - ChromaDB client created
2026-01-02 16:03:02 - CyneDirector.core.database - DEBUG - Attempting to get existing visuals collection
2026-01-02 16:03:02 - CyneDirector.core.database - DEBUG - Creating new visuals collection with metadata
2026-01-02 16:03:02 - CyneDirector.core.database - DEBUG - Created visuals collection
2026-01-02 16:03:02 - CyneDirector.core.database - DEBUG - Attempting faces collection
2026-01-02 16:03:02 - CyneDirector.core.database - DEBUG - Attempting transcripts collection
2026-01-02 16:03:02 - CyneDirector.core.database - DEBUG - Attempting temporal_sequences collection
2026-01-02 16:03:02 - CyneDirector.core.database - INFO - Database initialization completed successfully
2026-01-02 16:03:02 - CyneDirector.gui.main_window - DEBUG - Database initialized
2026-01-02 16:03:02 - CyneDirector.gui.main_window - DEBUG - Initializing WorkflowManager
2026-01-02 16:03:02 - CyneDirector.gui.main_window - DEBUG - WorkflowManager initialized and connected
2026-01-02 16:03:02 - CyneDirector.gui.main_window - DEBUG - Setting up UI
2026-01-02 16:03:02 - CyneDirector.gui.embedded_player - DEBUG - EmbeddedPlayerWidget initialized
2026-01-02 16:03:08 - CyneDirector.gui.main_window - DEBUG - UI setup complete, creating menu bar
2026-01-02 16:03:08 - CyneDirector.gui.main_window - DEBUG - Menu bar created
2026-01-02 16:03:08 - CyneDirector.gui.main_window - DEBUG - Loading project
2026-01-02 16:03:08 - CyneDirector.gui.main_window - DEBUG - MainWindow initialization complete
2026-01-02 16:03:08 - CyneDirector.__main__ - DEBUG - MainWindow created successfully
2026-01-02 16:03:08 - CyneDirector.__main__ - INFO - MainWindow shown, entering event loop
2026-01-02 16:03:10 - CyneDirector.gui.embedded_player - DEBUG - Loading video: G:/Freelance/Mansi Daga/Studio Sorted/07_Export/Reel 2 - v3 Colored.mov at 0s
2026-01-02 16:03:15 - CyneDirector.gui.metadata_panel - INFO - Translation: Checking for existing transcript...
2026-01-02 16:03:15 - CyneDirector.gui.metadata_panel - INFO - Translation: Transcribing audio in original language...
2026-01-02 16:03:15 - CyneDirector.gui.metadata_panel - INFO - Translation: Loading Whisper model...
2026-01-02 16:03:21 - CyneDirector.gui.metadata_panel - INFO - Translation: Transcribing audio in original language...
2026-01-02 16:04:28 - CyneDirector.gui.metadata_panel - INFO - Translation: Saved 28 transcript segments
2026-01-02 16:04:28 - CyneDirector.core.translator - WARNING - deepl package not installed. Install with: pip install deepl
2026-01-02 16:04:28 - CyneDirector.gui.metadata_panel - INFO - Translation: Translating transcript to English...
2026-01-02 16:04:28 - CyneDirector.workers.transcribe_translate_worker - ERROR - Translation error: name 'get_whisper_translator' is not defined
2026-01-02 16:04:28 - CyneDirector.gui.metadata_panel - INFO - Translation: Translation error: name 'get_whisper_translator' is not defined
2026-01-02 16:04:28 - CyneDirector.gui.metadata_panel - INFO - Translation: Formatting translated transcript...
2026-01-02 16:04:28 - CyneDirector.gui.metadata_panel - INFO - Translation: Processing complete!
2026-01-02 16:08:14 - CyneDirector.core.ai_models - DEBUG - Unloading models (keep_clip=False)
2026-01-02 16:08:14 - CyneDirector.core.ai_models - INFO - Releasing GPU Resources...
2026-01-02 16:08:14 - CyneDirector.core.ai_models - INFO - VRAM purged
2026-01-02 16:08:25 - CyneDirector - INFO - CyneDirector v2.1.0 - Logging initialized
2026-01-02 16:08:25 - CyneDirector - INFO - Log files: C:\Users\kanis\OneDrive\Desktop\Tools\CyneDirector_v20\logs\cynedirector.log, C:\Users\kanis\OneDrive\Desktop\Tools\CyneDirector_v20\logs\cynedirector_errors.log
2026-01-02 16:08:26 - CyneDirector.gui.project_dialog - DEBUG - Project dialog setup complete
2026-01-02 16:08:26 - CyneDirector.gui.project_dialog - DEBUG - Project dialog shown
2026-01-02 16:08:32 - CyneDirector.__main__ - INFO - Loading project: 3 at C:/Users/kanis/OneDrive/Desktop/Tools/Saves\3
2026-01-02 16:08:37 - CyneDirector.__main__ - DEBUG - Creating MainWindow instance
2026-01-02 16:08:37 - CyneDirector.gui.main_window - DEBUG - Initializing MainWindow: 3 at C:/Users/kanis/OneDrive/Desktop/Tools/Saves\3
2026-01-02 16:08:37 - CyneDirector.gui.main_window - DEBUG - Initializing Database
2026-01-02 16:08:37 - CyneDirector.core.database - DEBUG - Initializing database for project: C:/Users/kanis/OneDrive/Desktop/Tools/Saves\3
2026-01-02 16:08:37 - CyneDirector.core.database - DEBUG - Database folder created: C:/Users/kanis/OneDrive/Desktop/Tools/Saves\3\_cyne_db
2026-01-02 16:08:37 - CyneDirector.core.database - DEBUG - Creating ChromaDB client
2026-01-02 16:08:37 - CyneDirector.core.database - DEBUG - ChromaDB client created
2026-01-02 16:08:37 - CyneDirector.core.database - DEBUG - Attempting to get existing visuals collection
2026-01-02 16:08:37 - CyneDirector.core.database - DEBUG - Creating new visuals collection with metadata
2026-01-02 16:08:37 - CyneDirector.core.database - DEBUG - Created visuals collection
2026-01-02 16:08:37 - CyneDirector.core.database - DEBUG - Attempting faces collection
2026-01-02 16:08:37 - CyneDirector.core.database - DEBUG - Attempting transcripts collection
2026-01-02 16:08:37 - CyneDirector.core.database - DEBUG - Attempting temporal_sequences collection
2026-01-02 16:08:37 - CyneDirector.core.database - INFO - Database initialization completed successfully
2026-01-02 16:08:37 - CyneDirector.gui.main_window - DEBUG - Database initialized
2026-01-02 16:08:37 - CyneDirector.gui.main_window - DEBUG - Initializing WorkflowManager
2026-01-02 16:08:37 - CyneDirector.gui.main_window - DEBUG - WorkflowManager initialized and connected
2026-01-02 16:08:37 - CyneDirector.gui.main_window - DEBUG - Setting up UI
2026-01-02 16:08:37 - CyneDirector.gui.embedded_player - DEBUG - EmbeddedPlayerWidget initialized
2026-01-02 16:08:43 - CyneDirector.gui.main_window - DEBUG - UI setup complete, creating menu bar
2026-01-02 16:08:43 - CyneDirector.gui.main_window - DEBUG - Menu bar created
2026-01-02 16:08:43 - CyneDirector.gui.main_window - DEBUG - Loading project
2026-01-02 16:08:43 - CyneDirector.gui.main_window - DEBUG - MainWindow initialization complete
2026-01-02 16:08:43 - CyneDirector.__main__ - DEBUG - MainWindow created successfully
2026-01-02 16:08:43 - CyneDirector.__main__ - INFO - MainWindow shown, entering event loop
2026-01-02 16:08:45 - CyneDirector.gui.embedded_player - DEBUG - Loading video: G:/Freelance/Mansi Daga/Studio Sorted/07_Export/Reel 2 - v3 Colored.mov at 0s
2026-01-02 16:08:49 - CyneDirector.gui.metadata_panel - INFO - Translation: Checking for existing transcript...
2026-01-02 16:08:49 - CyneDirector.gui.metadata_panel - INFO - Translation: Transcribing audio in original language...
2026-01-02 16:08:49 - CyneDirector.gui.metadata_panel - INFO - Translation: Loading Whisper model...
2026-01-02 16:08:54 - CyneDirector.gui.metadata_panel - INFO - Translation: Transcribing audio in original language...
2026-01-02 16:09:50 - CyneDirector.gui.metadata_panel - INFO - Translation: Saved 16 transcript segments
2026-01-02 16:09:50 - CyneDirector.gui.metadata_panel - INFO - Translation: Translating transcript to English...
2026-01-02 16:09:51 - CyneDirector.core.translator - INFO - DeepL translator initialized successfully
2026-01-02 16:09:51 - CyneDirector.gui.metadata_panel - INFO - Translation: DeepL API key provided: 83ce02fd-8...
2026-01-02 16:09:51 - CyneDirector.core.translator - ERROR - DeepL translation error: target_lang="EN" is deprecated, please use "EN-GB" or "EN-US"instead.
2026-01-02 16:09:51 - CyneDirector.gui.metadata_panel - INFO - Translation: DeepL translator created, available: True
2026-01-02 16:09:51 - CyneDirector.gui.metadata_panel - INFO - Translation: Using DeepL API for translation...
2026-01-02 16:09:51 - CyneDirector.core.translator - ERROR - Traceback (most recent call last):
  File "C:\Users\kanis\OneDrive\Desktop\Tools\CyneDirector_v20\core\translator.py", line 60, in translate
    result = self.translator.translate_text(
             ^^^^^^^^^^^^^^^^^^^^^^^^^^^^^^^
  File "c:\Users\kanis\AppData\Local\Programs\Python\Python311\Lib\site-packages\deepl\translator.py", line 458, in translate_text
    request_data = self._check_language_and_formality(
                   ^^^^^^^^^^^^^^^^^^^^^^^^^^^^^^^^^^^
  File "c:\Users\kanis\AppData\Local\Programs\Python\Python311\Lib\site-packages\deepl\translator.py", line 305, in _check_language_and_formality
    self._check_valid_languages(source_lang, target_lang)
  File "c:\Users\kanis\AppData\Local\Programs\Python\Python311\Lib\site-packages\deepl\translator.py", line 248, in _check_valid_languages
    raise DeepLException(
deepl.exceptions.DeepLException: target_lang="EN" is deprecated, please use "EN-GB" or "EN-US"instead.

2026-01-02 16:09:51 - CyneDirector.gui.metadata_panel - INFO - Translation: Translating 590 characters...
2026-01-02 16:09:51 - CyneDirector.workers.transcribe_translate_worker - ERROR - Translation error: target_lang="EN" is deprecated, please use "EN-GB" or "EN-US"instead.
2026-01-02 16:09:51 - CyneDirector.gui.metadata_panel - INFO - Translation: Translation error: target_lang="EN" is deprecated, please use "EN-GB" or "EN-US"instead.
2026-01-02 16:09:51 - CyneDirector.workers.transcribe_translate_worker - ERROR - Traceback (most recent call last):
  File "C:\Users\kanis\OneDrive\Desktop\Tools\CyneDirector_v20\workers\transcribe_translate_worker.py", line 212, in _translate_transcript
    translated_text = deepl_translator.translate(merged_text)
                      ^^^^^^^^^^^^^^^^^^^^^^^^^^^^^^^^^^^^^^^
  File "C:\Users\kanis\OneDrive\Desktop\Tools\CyneDirector_v20\core\translator.py", line 60, in translate
    result = self.translator.translate_text(
             ^^^^^^^^^^^^^^^^^^^^^^^^^^^^^^^
  File "c:\Users\kanis\AppData\Local\Programs\Python\Python311\Lib\site-packages\deepl\translator.py", line 458, in translate_text
    request_data = self._check_language_and_formality(
                   ^^^^^^^^^^^^^^^^^^^^^^^^^^^^^^^^^^^
  File "c:\Users\kanis\AppData\Local\Programs\Python\Python311\Lib\site-packages\deepl\translator.py", line 305, in _check_language_and_formality
    self._check_valid_languages(source_lang, target_lang)
  File "c:\Users\kanis\AppData\Local\Programs\Python\Python311\Lib\site-packages\deepl\translator.py", line 248, in _check_valid_languages
    raise DeepLException(
deepl.exceptions.DeepLException: target_lang="EN" is deprecated, please use "EN-GB" or "EN-US"instead.

2026-01-02 16:11:08 - CyneDirector.core.ai_models - DEBUG - Unloading models (keep_clip=False)
2026-01-02 16:11:08 - CyneDirector.core.ai_models - INFO - Releasing GPU Resources...
2026-01-02 16:11:08 - CyneDirector.core.ai_models - INFO - VRAM purged
2026-01-02 16:11:17 - CyneDirector - INFO - CyneDirector v2.1.0 - Logging initialized
2026-01-02 16:11:17 - CyneDirector - INFO - Log files: C:\Users\kanis\OneDrive\Desktop\Tools\CyneDirector_v20\logs\cynedirector.log, C:\Users\kanis\OneDrive\Desktop\Tools\CyneDirector_v20\logs\cynedirector_errors.log
2026-01-02 16:11:17 - CyneDirector.gui.project_dialog - DEBUG - Project dialog setup complete
2026-01-02 16:11:17 - CyneDirector.gui.project_dialog - DEBUG - Project dialog shown
2026-01-02 16:11:24 - CyneDirector.__main__ - INFO - Loading project: 4 at C:/Users/kanis/OneDrive/Desktop/Tools/Saves\4
2026-01-02 16:11:29 - CyneDirector.__main__ - DEBUG - Creating MainWindow instance
2026-01-02 16:11:29 - CyneDirector.gui.main_window - DEBUG - Initializing MainWindow: 4 at C:/Users/kanis/OneDrive/Desktop/Tools/Saves\4
2026-01-02 16:11:29 - CyneDirector.gui.main_window - DEBUG - Initializing Database
2026-01-02 16:11:29 - CyneDirector.core.database - DEBUG - Initializing database for project: C:/Users/kanis/OneDrive/Desktop/Tools/Saves\4
2026-01-02 16:11:29 - CyneDirector.core.database - DEBUG - Database folder created: C:/Users/kanis/OneDrive/Desktop/Tools/Saves\4\_cyne_db
2026-01-02 16:11:29 - CyneDirector.core.database - DEBUG - Creating ChromaDB client
2026-01-02 16:11:30 - CyneDirector.core.database - DEBUG - ChromaDB client created
2026-01-02 16:11:30 - CyneDirector.core.database - DEBUG - Attempting to get existing visuals collection
2026-01-02 16:11:30 - CyneDirector.core.database - DEBUG - Creating new visuals collection with metadata
2026-01-02 16:11:30 - CyneDirector.core.database - DEBUG - Created visuals collection
2026-01-02 16:11:30 - CyneDirector.core.database - DEBUG - Attempting faces collection
2026-01-02 16:11:30 - CyneDirector.core.database - DEBUG - Attempting transcripts collection
2026-01-02 16:11:30 - CyneDirector.core.database - DEBUG - Attempting temporal_sequences collection
2026-01-02 16:11:30 - CyneDirector.core.database - INFO - Database initialization completed successfully
2026-01-02 16:11:30 - CyneDirector.gui.main_window - DEBUG - Database initialized
2026-01-02 16:11:30 - CyneDirector.gui.main_window - DEBUG - Initializing WorkflowManager
2026-01-02 16:11:30 - CyneDirector.gui.main_window - DEBUG - WorkflowManager initialized and connected
2026-01-02 16:11:30 - CyneDirector.gui.main_window - DEBUG - Setting up UI
2026-01-02 16:11:30 - CyneDirector.gui.embedded_player - DEBUG - EmbeddedPlayerWidget initialized
2026-01-02 16:11:35 - CyneDirector.gui.main_window - DEBUG - UI setup complete, creating menu bar
2026-01-02 16:11:35 - CyneDirector.gui.main_window - DEBUG - Menu bar created
2026-01-02 16:11:36 - CyneDirector.gui.main_window - DEBUG - Loading project
2026-01-02 16:11:36 - CyneDirector.gui.main_window - DEBUG - MainWindow initialization complete
2026-01-02 16:11:36 - CyneDirector.__main__ - DEBUG - MainWindow created successfully
2026-01-02 16:11:36 - CyneDirector.__main__ - INFO - MainWindow shown, entering event loop
2026-01-02 16:11:48 - CyneDirector.gui.embedded_player - DEBUG - Loading video: G:/Freelance/Mansi Daga/Studio Sorted/07_Export/Reel 2 - v3 Colored.mov at 0s
2026-01-02 16:11:51 - CyneDirector.gui.metadata_panel - INFO - Translation: Checking for existing transcript...
2026-01-02 16:11:51 - CyneDirector.gui.metadata_panel - INFO - Translation: Transcribing audio in original language...
2026-01-02 16:11:51 - CyneDirector.gui.metadata_panel - INFO - Translation: Loading Whisper model...
2026-01-02 16:11:56 - CyneDirector.gui.metadata_panel - INFO - Translation: Transcribing audio in original language...
2026-01-02 16:12:26 - CyneDirector.gui.metadata_panel - INFO - Translation: Saved 14 transcript segments
2026-01-02 16:12:26 - CyneDirector.gui.metadata_panel - INFO - Translation: Translating transcript to English...
2026-01-02 16:12:27 - CyneDirector.core.translator - INFO - DeepL translator initialized successfully
2026-01-02 16:12:27 - CyneDirector.gui.metadata_panel - INFO - Translation: DeepL API key provided: 83ce02fd-8...
2026-01-02 16:12:27 - CyneDirector.gui.metadata_panel - INFO - Translation: DeepL translator created, available: True
2026-01-02 16:12:27 - CyneDirector.gui.metadata_panel - INFO - Translation: Using DeepL API for translation...
2026-01-02 16:12:27 - CyneDirector.gui.metadata_panel - INFO - Translation: Translating 772 characters...
2026-01-02 16:12:28 - CyneDirector.core.translator - DEBUG - DeepL translation: 772 chars -> 772 chars
2026-01-02 16:12:28 - CyneDirector.gui.metadata_panel - INFO - Translation: Translation complete. Original: 772 chars, Translated: 772 chars
2026-01-02 16:12:28 - CyneDirector.gui.metadata_panel - INFO - Translation: Warning: Translated text is identical to original. Translation may have failed.
2026-01-02 16:12:28 - CyneDirector.gui.metadata_panel - INFO - Translation: Split into 12 sentences
2026-01-02 16:12:28 - CyneDirector.gui.metadata_panel - INFO - Translation: Created 12 translated segments
2026-01-02 16:12:28 - CyneDirector.gui.metadata_panel - INFO - Translation: Formatting translated transcript...
2026-01-02 16:12:28 - CyneDirector.gui.metadata_panel - INFO - Updated English tab with 12 translated segments
2026-01-02 16:12:28 - CyneDirector.gui.metadata_panel - INFO - Translation: Processing complete!
2026-01-02 16:13:59 - CyneDirector.core.ai_models - DEBUG - Unloading models (keep_clip=False)
2026-01-02 16:13:59 - CyneDirector.core.ai_models - INFO - Releasing GPU Resources...
2026-01-02 16:13:59 - CyneDirector.core.ai_models - INFO - VRAM purged
2026-01-02 16:33:46 - CyneDirector - INFO - CyneDirector v2.1.0 - Logging initialized
2026-01-02 16:33:46 - CyneDirector - INFO - Log files: C:\Users\kanis\OneDrive\Desktop\Tools\CyneDirector_v20\logs\cynedirector.log, C:\Users\kanis\OneDrive\Desktop\Tools\CyneDirector_v20\logs\cynedirector_errors.log
2026-01-02 16:33:47 - CyneDirector.gui.project_dialog - DEBUG - Project dialog setup complete
2026-01-02 16:33:47 - CyneDirector.gui.project_dialog - DEBUG - Project dialog shown
2026-01-02 16:33:53 - CyneDirector.__main__ - INFO - Loading project: 5 at C:/Users/kanis/OneDrive/Desktop/Tools/Saves\5
2026-01-02 16:33:53 - CyneDirector.__main__ - ERROR - Exception during MainWindow creation
Traceback (most recent call last):
  File "C:\Users\kanis\OneDrive\Desktop\Tools\CyneDirector_v20/main.py", line 100, in main
    from gui.main_window import MainWindow
  File "C:\Users\kanis\OneDrive\Desktop\Tools\CyneDirector_v20\gui\main_window.py", line 16, in <module>
    from gui.media_tree import MediaTree
  File "C:\Users\kanis\OneDrive\Desktop\Tools\CyneDirector_v20\gui\media_tree.py", line 93
    self.signals.finished.emit(self.path, "Error", "--", "--:--", 
    ^^^^
IndentationError: expected an indented block after 'except' statement on line 91
2026-01-02 16:34:44 - CyneDirector - INFO - CyneDirector v2.1.0 - Logging initialized
2026-01-02 16:34:44 - CyneDirector - INFO - Log files: C:\Users\kanis\OneDrive\Desktop\Tools\CyneDirector_v20\logs\cynedirector.log, C:\Users\kanis\OneDrive\Desktop\Tools\CyneDirector_v20\logs\cynedirector_errors.log
2026-01-02 16:34:44 - CyneDirector.gui.project_dialog - DEBUG - Project dialog setup complete
2026-01-02 16:34:44 - CyneDirector.gui.project_dialog - DEBUG - Project dialog shown
2026-01-02 16:34:50 - CyneDirector.__main__ - INFO - Loading project: 6 at C:/Users/kanis/OneDrive/Desktop/Tools/Saves\6
2026-01-02 16:34:55 - CyneDirector.__main__ - DEBUG - Creating MainWindow instance
2026-01-02 16:34:55 - CyneDirector.gui.main_window - DEBUG - Initializing MainWindow: 6 at C:/Users/kanis/OneDrive/Desktop/Tools/Saves\6
2026-01-02 16:34:55 - CyneDirector.gui.main_window - DEBUG - Initializing Database
2026-01-02 16:34:55 - CyneDirector.core.database - DEBUG - Initializing database for project: C:/Users/kanis/OneDrive/Desktop/Tools/Saves\6
2026-01-02 16:34:55 - CyneDirector.core.database - DEBUG - Database folder created: C:/Users/kanis/OneDrive/Desktop/Tools/Saves\6\_cyne_db
2026-01-02 16:34:55 - CyneDirector.core.database - DEBUG - Creating ChromaDB client
2026-01-02 16:34:55 - CyneDirector.core.database - DEBUG - ChromaDB client created
2026-01-02 16:34:55 - CyneDirector.core.database - DEBUG - Attempting to get existing visuals collection
2026-01-02 16:34:55 - CyneDirector.core.database - DEBUG - Creating new visuals collection with metadata
2026-01-02 16:34:55 - CyneDirector.core.database - DEBUG - Created visuals collection
2026-01-02 16:34:55 - CyneDirector.core.database - DEBUG - Attempting faces collection
2026-01-02 16:34:55 - CyneDirector.core.database - DEBUG - Attempting transcripts collection
2026-01-02 16:34:55 - CyneDirector.core.database - DEBUG - Attempting temporal_sequences collection
2026-01-02 16:34:55 - CyneDirector.core.database - INFO - Database initialization completed successfully
2026-01-02 16:34:55 - CyneDirector.gui.main_window - DEBUG - Database initialized
2026-01-02 16:34:55 - CyneDirector.gui.main_window - DEBUG - Initializing WorkflowManager
2026-01-02 16:34:55 - CyneDirector.gui.main_window - DEBUG - WorkflowManager initialized and connected
2026-01-02 16:34:55 - CyneDirector.gui.main_window - DEBUG - Setting up UI
2026-01-02 16:34:55 - CyneDirector.gui.embedded_player - DEBUG - EmbeddedPlayerWidget initialized
2026-01-02 16:35:01 - CyneDirector.gui.main_window - DEBUG - UI setup complete, creating menu bar
2026-01-02 16:35:01 - CyneDirector.gui.main_window - DEBUG - Menu bar created
2026-01-02 16:35:01 - CyneDirector.gui.main_window - DEBUG - Loading project
2026-01-02 16:35:01 - CyneDirector.gui.main_window - DEBUG - MainWindow initialization complete
2026-01-02 16:35:01 - CyneDirector.__main__ - DEBUG - MainWindow created successfully
2026-01-02 16:35:01 - CyneDirector.__main__ - INFO - MainWindow shown, entering event loop
2026-01-02 16:35:04 - CyneDirector.gui.embedded_player - DEBUG - Loading video: G:/Freelance/Mansi Daga/Studio Sorted/07_Export/Reel 2 - v3 Colored.mov at 0s
2026-01-02 16:35:04 - CyneDirector.core.translator - INFO - DeepL translator initialized successfully
2026-01-02 16:35:15 - CyneDirector.gui.metadata_panel - INFO - Translation: Checking for existing transcript...
2026-01-02 16:35:15 - CyneDirector.gui.metadata_panel - INFO - Translation: Transcribing audio in original language...
2026-01-02 16:35:15 - CyneDirector.gui.metadata_panel - INFO - Translation: Loading Whisper model...
2026-01-02 16:35:21 - CyneDirector.gui.metadata_panel - INFO - Translation: Transcribing audio in original language...
2026-01-02 16:35:22 - CyneDirector.gui.metadata_panel - INFO - Translation: Detected language: hi
2026-01-02 16:36:20 - CyneDirector.gui.metadata_panel - INFO - Translation: Saved 19 transcript segments
2026-01-02 16:36:20 - CyneDirector.gui.metadata_panel - INFO - Translation: Translating transcript to English...
2026-01-02 16:36:21 - CyneDirector.core.translator - INFO - DeepL translator initialized successfully
2026-01-02 16:36:21 - CyneDirector.gui.metadata_panel - INFO - Translation: DeepL API key provided: 83ce02fd-8...
2026-01-02 16:36:21 - CyneDirector.gui.metadata_panel - INFO - Translation: Using DeepL API for translation...
2026-01-02 16:36:21 - CyneDirector.gui.metadata_panel - INFO - Translation: Translating 682 characters...
2026-01-02 16:36:22 - CyneDirector.core.translator - DEBUG - DeepL translation: 682 chars -> 682 chars
2026-01-02 16:36:22 - CyneDirector.gui.metadata_panel - INFO - Translation: Translation complete. Original: 682 chars, Translated: 682 chars
2026-01-02 16:36:22 - CyneDirector.gui.metadata_panel - INFO - Translation: Warning: Translated text is identical to original. Translation may have failed.
2026-01-02 16:36:22 - CyneDirector.gui.metadata_panel - INFO - Translation: Split into 3 sentences
2026-01-02 16:36:22 - CyneDirector.gui.metadata_panel - INFO - Translation: Created 3 translated segments
2026-01-02 16:36:22 - CyneDirector.workers.transcribe_translate_worker - DEBUG - Filtering non-English segment: आपको एक बार आशा होगा। इस दुओर्जिया को देखें। फंबल,...
2026-01-02 16:36:22 - CyneDirector.gui.metadata_panel - INFO - Translation: Formatting translated transcript...
2026-01-02 16:36:22 - CyneDirector.workers.transcribe_translate_worker - DEBUG - Filtering non-English segment: बहुत ख्रकी पर आप जवान कहो कि हम एक брंडिंग जार्म ह...
2026-01-02 16:36:22 - CyneDirector.workers.transcribe_translate_worker - DEBUG - Filtering non-English segment: जाया करते हैं हैं आप भी भी करते हैं हम पर सामाने ह...
2026-01-02 16:36:22 - CyneDirector.gui.metadata_panel - WARNING - Translation completed but no segments received
2026-01-02 16:36:22 - CyneDirector.gui.metadata_panel - INFO - Translation: Processing complete!
2026-01-02 16:41:25 - CyneDirector.core.ai_models - DEBUG - Unloading models (keep_clip=False)
2026-01-02 16:41:25 - CyneDirector.core.ai_models - INFO - Releasing GPU Resources...
2026-01-02 16:41:25 - CyneDirector.core.ai_models - INFO - VRAM purged
2026-01-02 16:42:34 - CyneDirector - INFO - CyneDirector v2.1.0 - Logging initialized
2026-01-02 16:42:34 - CyneDirector - INFO - Log files: C:\Users\kanis\OneDrive\Desktop\Tools\CyneDirector_v20\logs\cynedirector.log, C:\Users\kanis\OneDrive\Desktop\Tools\CyneDirector_v20\logs\cynedirector_errors.log
2026-01-02 16:42:34 - CyneDirector.gui.project_dialog - DEBUG - Project dialog setup complete
2026-01-02 16:42:34 - CyneDirector.gui.project_dialog - DEBUG - Project dialog shown
2026-01-02 16:42:44 - CyneDirector.__main__ - INFO - Loading project: 7 at C:/Users/kanis/OneDrive/Desktop/Tools/Saves\7
2026-01-02 16:42:49 - CyneDirector.__main__ - DEBUG - Creating MainWindow instance
2026-01-02 16:42:49 - CyneDirector.gui.main_window - DEBUG - Initializing MainWindow: 7 at C:/Users/kanis/OneDrive/Desktop/Tools/Saves\7
2026-01-02 16:42:49 - CyneDirector.gui.main_window - DEBUG - Initializing Database
2026-01-02 16:42:49 - CyneDirector.core.database - DEBUG - Initializing database for project: C:/Users/kanis/OneDrive/Desktop/Tools/Saves\7
2026-01-02 16:42:49 - CyneDirector.core.database - DEBUG - Database folder created: C:/Users/kanis/OneDrive/Desktop/Tools/Saves\7\_cyne_db
2026-01-02 16:42:49 - CyneDirector.core.database - DEBUG - Creating ChromaDB client
2026-01-02 16:42:49 - CyneDirector.core.database - DEBUG - ChromaDB client created
2026-01-02 16:42:49 - CyneDirector.core.database - DEBUG - Attempting to get existing visuals collection
2026-01-02 16:42:49 - CyneDirector.core.database - DEBUG - Creating new visuals collection with metadata
2026-01-02 16:42:49 - CyneDirector.core.database - DEBUG - Created visuals collection
2026-01-02 16:42:49 - CyneDirector.core.database - DEBUG - Attempting faces collection
2026-01-02 16:42:49 - CyneDirector.core.database - DEBUG - Attempting transcripts collection
2026-01-02 16:42:49 - CyneDirector.core.database - DEBUG - Attempting temporal_sequences collection
2026-01-02 16:42:49 - CyneDirector.core.database - INFO - Database initialization completed successfully
2026-01-02 16:42:49 - CyneDirector.gui.main_window - DEBUG - Database initialized
2026-01-02 16:42:49 - CyneDirector.gui.main_window - DEBUG - Initializing WorkflowManager
2026-01-02 16:42:49 - CyneDirector.gui.main_window - DEBUG - WorkflowManager initialized and connected
2026-01-02 16:42:49 - CyneDirector.gui.main_window - DEBUG - Setting up UI
2026-01-02 16:42:49 - CyneDirector.gui.embedded_player - DEBUG - EmbeddedPlayerWidget initialized
2026-01-02 16:42:55 - CyneDirector.gui.main_window - DEBUG - UI setup complete, creating menu bar
2026-01-02 16:42:55 - CyneDirector.gui.main_window - DEBUG - Menu bar created
2026-01-02 16:42:55 - CyneDirector.gui.main_window - DEBUG - Loading project
2026-01-02 16:42:55 - CyneDirector.gui.main_window - DEBUG - MainWindow initialization complete
2026-01-02 16:42:55 - CyneDirector.__main__ - DEBUG - MainWindow created successfully
2026-01-02 16:42:55 - CyneDirector.__main__ - INFO - MainWindow shown, entering event loop
2026-01-02 16:42:57 - CyneDirector.gui.embedded_player - DEBUG - Loading video: G:/Freelance/Mansi Daga/Studio Sorted/07_Export/Reel 2 - v3 Colored.mov at 0s
2026-01-02 16:42:58 - CyneDirector.core.translator - INFO - DeepL translator initialized successfully
2026-01-02 16:43:01 - CyneDirector.gui.metadata_panel - INFO - Translation: Checking for existing transcript...
2026-01-02 16:43:01 - CyneDirector.gui.metadata_panel - INFO - Translation: Transcribing audio in original language...
2026-01-02 16:43:01 - CyneDirector.gui.metadata_panel - INFO - Translation: Loading Whisper model...
2026-01-02 16:43:06 - CyneDirector.gui.metadata_panel - INFO - Translation: Transcribing audio in original language...
2026-01-02 16:43:07 - CyneDirector.gui.metadata_panel - INFO - Translation: Detected language: hi
2026-01-02 16:43:54 - CyneDirector.gui.metadata_panel - INFO - Translation: Saved 26 transcript segments
2026-01-02 16:43:54 - CyneDirector.gui.metadata_panel - INFO - Translation: Starting translation of 26 segments...
2026-01-02 16:43:54 - CyneDirector.gui.metadata_panel - INFO - Translation: Analyzing transcript: 0 English segments, 26 non-English segments
2026-01-02 16:43:55 - CyneDirector.core.translator - INFO - DeepL translator initialized successfully
2026-01-02 16:43:55 - CyneDirector.core.translator - INFO - Found 0 English segments and 26 non-English segments
2026-01-02 16:43:55 - CyneDirector.gui.metadata_panel - INFO - Translation: DeepL API key provided: 83ce02fd-8...
2026-01-02 16:43:55 - CyneDirector.gui.metadata_panel - INFO - Translation: Using DeepL API for translation (translating only non-English segments)...
2026-01-02 16:43:55 - CyneDirector.core.translator - DEBUG - DeepL translation: 627 chars -> 627 chars
2026-01-02 16:43:55 - CyneDirector.gui.metadata_panel - INFO - Translation: Warning: Translation returned identical text. This may indicate translation failed.
2026-01-02 16:43:55 - CyneDirector.gui.metadata_panel - INFO - Translation: Formatting 26 translated segments...
2026-01-02 16:43:55 - CyneDirector.workers.transcribe_translate_worker - DEBUG - Filtering non-English segment: अब आपको एक आदमी वीडियो देंगे। इस संगीत को देखें। फ...
2026-01-02 16:43:55 - CyneDirector.workers.transcribe_translate_worker - DEBUG - Filtering non-English segment: एकड्यू, एकड्यू....
2026-01-02 16:43:55 - CyneDirector.workers.transcribe_translate_worker - DEBUG - Filtering non-English segment: आप नुमर स्विध्यात हैं....
2026-01-02 16:43:55 - CyneDirector.workers.transcribe_translate_worker - DEBUG - Filtering non-English segment: यह है। मुझे अभी ख्याल मुझे सहित करती है। ऐड फॉंड ए...
2026-01-02 16:43:55 - CyneDirector.workers.transcribe_translate_worker - DEBUG - Filtering non-English segment: वो वो ग्रेट मैं भी कैरिग्राफी आर्टिस्ट हूँ अरे बाद...
2026-01-02 16:43:55 - CyneDirector.workers.transcribe_translate_worker - DEBUG - Filtering non-English segment: बहुत अच्छा, शांती।...
2026-01-02 16:43:55 - CyneDirector.workers.transcribe_translate_worker - DEBUG - Filtering non-English segment: आपको बढ़ाया होगा।...
2026-01-02 16:43:55 - CyneDirector.workers.transcribe_translate_worker - DEBUG - Filtering non-English segment: नो, आपको बहुत अच्छा प्रश्न हेड़ी है।...
2026-01-02 16:43:55 - CyneDirector.workers.transcribe_translate_worker - DEBUG - Filtering non-English segment: म्हानी खेला है।...
2026-01-02 16:43:55 - CyneDirector.workers.transcribe_translate_worker - DEBUG - Filtering non-English segment: एकड्यू!...
2026-01-02 16:43:55 - CyneDirector.workers.transcribe_translate_worker - DEBUG - Filtering non-English segment: एकड्यू, एकड्यू!...
2026-01-02 16:43:55 - CyneDirector.workers.transcribe_translate_worker - DEBUG - Filtering non-English segment: आप नुमर स्विध्यात हैं?...
2026-01-02 16:43:55 - CyneDirector.workers.transcribe_translate_worker - DEBUG - Filtering non-English segment: यह है।...
2026-01-02 16:43:55 - CyneDirector.workers.transcribe_translate_worker - DEBUG - Filtering non-English segment: मुझे अभी ख्याल मुझे सहित करती है।...
2026-01-02 16:43:55 - CyneDirector.workers.transcribe_translate_worker - DEBUG - Filtering non-English segment: ऐड फॉंड एक प्रिटीशार � zona2....
2026-01-02 16:43:55 - CyneDirector.workers.transcribe_translate_worker - DEBUG - Filtering non-English segment: वो वो ग्रेट मैं भी कैरिग्राफी आर्टिस्ट हूँ...
2026-01-02 16:43:55 - CyneDirector.workers.transcribe_translate_worker - DEBUG - Filtering non-English segment: अरे बाद पर आप बहुत बढ़िया...
2026-01-02 16:43:55 - CyneDirector.workers.transcribe_translate_worker - DEBUG - Filtering non-English segment: आप प्रिया ब्रांडिंग एजन्सी...
2026-01-02 16:43:55 - CyneDirector.workers.transcribe_translate_worker - DEBUG - Filtering non-English segment: या या आप ब्रांड अस...
2026-01-02 16:43:55 - CyneDirector.workers.transcribe_translate_worker - DEBUG - Filtering non-English segment: उन पर सामान है जो हमको ब्रांड वै...
2026-01-02 16:43:55 - CyneDirector.workers.transcribe_translate_worker - DEBUG - Filtering non-English segment: वी कैटेप्यू स्केम यूज शो यूट्यू फूल्यो स्टेरिस...
2026-01-02 16:43:55 - CyneDirector.workers.transcribe_translate_worker - DEBUG - Filtering non-English segment: इया वी कैं डू या अब चुकी...
2026-01-02 16:43:55 - CyneDirector.workers.transcribe_translate_worker - DEBUG - Filtering non-English segment: प्राट नाईस...
2026-01-02 16:43:55 - CyneDirector.workers.transcribe_translate_worker - DEBUG - Filtering non-English segment: वैट्स वैट्स त्स्वीट...
2026-01-02 16:43:55 - CyneDirector.workers.transcribe_translate_worker - DEBUG - Filtering non-English segment: ताइंट कुड़े वोस लोग बना पे...
2026-01-02 16:43:55 - CyneDirector.workers.transcribe_translate_worker - DEBUG - Filtering non-English segment: हुआ है...
2026-01-02 16:45:50 - CyneDirector.core.ai_models - DEBUG - Unloading models (keep_clip=False)
2026-01-02 16:45:50 - CyneDirector.core.ai_models - INFO - Releasing GPU Resources...
2026-01-02 16:45:50 - CyneDirector.core.ai_models - INFO - VRAM purged
2026-01-02 16:45:57 - CyneDirector - INFO - CyneDirector v2.1.0 - Logging initialized
2026-01-02 16:45:57 - CyneDirector - INFO - Log files: C:\Users\kanis\OneDrive\Desktop\Tools\CyneDirector_v20\logs\cynedirector.log, C:\Users\kanis\OneDrive\Desktop\Tools\CyneDirector_v20\logs\cynedirector_errors.log
2026-01-02 16:45:57 - CyneDirector.gui.project_dialog - DEBUG - Project dialog setup complete
2026-01-02 16:45:57 - CyneDirector.gui.project_dialog - DEBUG - Project dialog shown
2026-01-02 16:46:04 - CyneDirector.__main__ - INFO - Loading project: 8 at C:/Users/kanis/OneDrive/Desktop/Tools/Saves\8
2026-01-02 16:46:09 - CyneDirector.__main__ - DEBUG - Creating MainWindow instance
2026-01-02 16:46:09 - CyneDirector.gui.main_window - DEBUG - Initializing MainWindow: 8 at C:/Users/kanis/OneDrive/Desktop/Tools/Saves\8
2026-01-02 16:46:09 - CyneDirector.gui.main_window - DEBUG - Initializing Database
2026-01-02 16:46:09 - CyneDirector.core.database - DEBUG - Initializing database for project: C:/Users/kanis/OneDrive/Desktop/Tools/Saves\8
2026-01-02 16:46:09 - CyneDirector.core.database - DEBUG - Database folder created: C:/Users/kanis/OneDrive/Desktop/Tools/Saves\8\_cyne_db
2026-01-02 16:46:10 - CyneDirector.core.database - DEBUG - Creating ChromaDB client
2026-01-02 16:46:10 - CyneDirector.core.database - DEBUG - ChromaDB client created
2026-01-02 16:46:10 - CyneDirector.core.database - DEBUG - Attempting to get existing visuals collection
2026-01-02 16:46:10 - CyneDirector.core.database - DEBUG - Creating new visuals collection with metadata
2026-01-02 16:46:10 - CyneDirector.core.database - DEBUG - Created visuals collection
2026-01-02 16:46:10 - CyneDirector.core.database - DEBUG - Attempting faces collection
2026-01-02 16:46:10 - CyneDirector.core.database - DEBUG - Attempting transcripts collection
2026-01-02 16:46:10 - CyneDirector.core.database - DEBUG - Attempting temporal_sequences collection
2026-01-02 16:46:10 - CyneDirector.core.database - INFO - Database initialization completed successfully
2026-01-02 16:46:10 - CyneDirector.gui.main_window - DEBUG - Database initialized
2026-01-02 16:46:10 - CyneDirector.gui.main_window - DEBUG - Initializing WorkflowManager
2026-01-02 16:46:10 - CyneDirector.gui.main_window - DEBUG - WorkflowManager initialized and connected
2026-01-02 16:46:10 - CyneDirector.gui.main_window - DEBUG - Setting up UI
2026-01-02 16:46:10 - CyneDirector.gui.embedded_player - DEBUG - EmbeddedPlayerWidget initialized
2026-01-02 16:46:16 - CyneDirector.gui.main_window - DEBUG - UI setup complete, creating menu bar
2026-01-02 16:46:16 - CyneDirector.gui.main_window - DEBUG - Menu bar created
2026-01-02 16:46:16 - CyneDirector.gui.main_window - DEBUG - Loading project
2026-01-02 16:46:16 - CyneDirector.gui.main_window - DEBUG - MainWindow initialization complete
2026-01-02 16:46:16 - CyneDirector.__main__ - DEBUG - MainWindow created successfully
2026-01-02 16:46:17 - CyneDirector.__main__ - INFO - MainWindow shown, entering event loop
2026-01-02 16:46:32 - CyneDirector.gui.embedded_player - DEBUG - Loading video: G:/Freelance/Mansi Daga/Studio Sorted/07_Export/Reel 2 - v3 Colored.mov at 0s
2026-01-02 16:46:33 - CyneDirector.core.translator - INFO - DeepL translator initialized successfully
2026-01-02 16:46:35 - CyneDirector.gui.metadata_panel - INFO - Translation: Checking for existing transcript...
2026-01-02 16:46:35 - CyneDirector.gui.metadata_panel - INFO - Translation: Transcribing audio in original language...
2026-01-02 16:46:35 - CyneDirector.gui.metadata_panel - INFO - Translation: Loading Whisper model...
2026-01-02 16:46:41 - CyneDirector.gui.metadata_panel - INFO - Translation: Transcribing audio in original language...
2026-01-02 16:46:42 - CyneDirector.gui.metadata_panel - INFO - Translation: Detected language: hi
2026-01-02 16:47:40 - CyneDirector.gui.metadata_panel - INFO - Translation: Saved 12 transcript segments
2026-01-02 16:47:40 - CyneDirector.gui.metadata_panel - INFO - Translation: Starting translation of 12 segments...
2026-01-02 16:47:40 - CyneDirector.gui.metadata_panel - INFO - Translation: Analyzing transcript: 0 English segments, 7 non-English segments
2026-01-02 16:47:41 - CyneDirector.core.translator - INFO - DeepL translator initialized successfully
2026-01-02 16:47:41 - CyneDirector.gui.metadata_panel - INFO - Translation: DeepL API key provided: 83ce02fd-8...
2026-01-02 16:47:41 - CyneDirector.gui.metadata_panel - INFO - Translation: Using DeepL API for translation (translating only non-English segments)...
2026-01-02 16:47:41 - CyneDirector.core.translator - INFO - Found 0 English segments and 12 non-English segments
2026-01-02 16:47:42 - CyneDirector.core.translator - DEBUG - DeepL translation: 710 chars -> 710 chars
2026-01-02 16:47:42 - CyneDirector.gui.metadata_panel - INFO - Translation: Warning: Translation returned identical text. This may indicate translation failed.
2026-01-02 16:47:42 - CyneDirector.gui.metadata_panel - INFO - Translation: Formatting 12 translated segments...
2026-01-02 16:47:42 - CyneDirector.gui.metadata_panel - INFO - Translation: Saving translated transcript to database...
2026-01-02 16:47:42 - CyneDirector.gui.metadata_panel - INFO - Translation: Translation complete! Method: deepl, Segments: 12
2026-01-02 16:47:42 - CyneDirector.gui.metadata_panel - INFO - Updated English tab with 12 translated segments
2026-01-02 16:47:42 - CyneDirector.gui.metadata_panel - INFO - Translation: Processing complete!
2026-01-02 16:49:06 - CyneDirector.core.ai_models - DEBUG - Unloading models (keep_clip=False)
2026-01-02 16:49:06 - CyneDirector.core.ai_models - INFO - Releasing GPU Resources...
2026-01-02 16:49:07 - CyneDirector.core.ai_models - INFO - VRAM purged
2026-01-02 16:49:38 - CyneDirector - INFO - CyneDirector v2.1.0 - Logging initialized
2026-01-02 16:49:38 - CyneDirector - INFO - Log files: C:\Users\kanis\OneDrive\Desktop\Tools\CyneDirector_v20\logs\cynedirector.log, C:\Users\kanis\OneDrive\Desktop\Tools\CyneDirector_v20\logs\cynedirector_errors.log
2026-01-02 16:49:38 - CyneDirector.gui.project_dialog - DEBUG - Project dialog setup complete
2026-01-02 16:49:38 - CyneDirector.gui.project_dialog - DEBUG - Project dialog shown
2026-01-02 16:49:50 - CyneDirector.__main__ - INFO - Loading project: 9 at C:/Users/kanis/OneDrive/Desktop/Tools/Saves\9
2026-01-02 16:49:54 - CyneDirector.__main__ - DEBUG - Creating MainWindow instance
2026-01-02 16:49:54 - CyneDirector.gui.main_window - DEBUG - Initializing MainWindow: 9 at C:/Users/kanis/OneDrive/Desktop/Tools/Saves\9
2026-01-02 16:49:54 - CyneDirector.gui.main_window - DEBUG - Initializing Database
2026-01-02 16:49:54 - CyneDirector.core.database - DEBUG - Initializing database for project: C:/Users/kanis/OneDrive/Desktop/Tools/Saves\9
2026-01-02 16:49:54 - CyneDirector.core.database - DEBUG - Database folder created: C:/Users/kanis/OneDrive/Desktop/Tools/Saves\9\_cyne_db
2026-01-02 16:49:54 - CyneDirector.core.database - DEBUG - Creating ChromaDB client
2026-01-02 16:49:55 - CyneDirector.core.database - DEBUG - ChromaDB client created
2026-01-02 16:49:55 - CyneDirector.core.database - DEBUG - Attempting to get existing visuals collection
2026-01-02 16:49:55 - CyneDirector.core.database - DEBUG - Creating new visuals collection with metadata
2026-01-02 16:49:55 - CyneDirector.core.database - DEBUG - Created visuals collection
2026-01-02 16:49:55 - CyneDirector.core.database - DEBUG - Attempting faces collection
2026-01-02 16:49:55 - CyneDirector.core.database - DEBUG - Attempting transcripts collection
2026-01-02 16:49:55 - CyneDirector.core.database - DEBUG - Attempting temporal_sequences collection
2026-01-02 16:49:55 - CyneDirector.core.database - INFO - Database initialization completed successfully
2026-01-02 16:49:55 - CyneDirector.gui.main_window - DEBUG - Database initialized
2026-01-02 16:49:55 - CyneDirector.gui.main_window - DEBUG - Initializing WorkflowManager
2026-01-02 16:49:55 - CyneDirector.gui.main_window - DEBUG - WorkflowManager initialized and connected
2026-01-02 16:49:55 - CyneDirector.gui.main_window - DEBUG - Setting up UI
2026-01-02 16:49:55 - CyneDirector.gui.embedded_player - DEBUG - EmbeddedPlayerWidget initialized
2026-01-02 16:50:00 - CyneDirector.gui.main_window - DEBUG - UI setup complete, creating menu bar
2026-01-02 16:50:00 - CyneDirector.gui.main_window - DEBUG - Menu bar created
2026-01-02 16:50:01 - CyneDirector.gui.main_window - DEBUG - Loading project
2026-01-02 16:50:01 - CyneDirector.gui.main_window - DEBUG - MainWindow initialization complete
2026-01-02 16:50:01 - CyneDirector.__main__ - DEBUG - MainWindow created successfully
2026-01-02 16:50:01 - CyneDirector.__main__ - INFO - MainWindow shown, entering event loop
2026-01-02 16:50:02 - CyneDirector.gui.embedded_player - DEBUG - Loading video: G:/Freelance/Mansi Daga/Studio Sorted/07_Export/Reel 2 - v3 Colored.mov at 0s
2026-01-02 16:50:03 - CyneDirector.core.translator - INFO - DeepL translator initialized successfully
2026-01-02 16:50:05 - CyneDirector.gui.metadata_panel - INFO - Translation: Checking for existing transcript...
2026-01-02 16:50:05 - CyneDirector.gui.metadata_panel - INFO - Translation: Transcribing audio in original language...
2026-01-02 16:50:05 - CyneDirector.gui.metadata_panel - INFO - Translation: Loading Whisper model...
2026-01-02 16:50:11 - CyneDirector.gui.metadata_panel - INFO - Translation: Transcribing audio in original language...
2026-01-02 16:50:12 - CyneDirector.gui.metadata_panel - INFO - Translation: Detected language: hi
2026-01-02 16:51:00 - CyneDirector.gui.metadata_panel - INFO - Translation: Saved 30 transcript segments
2026-01-02 16:51:00 - CyneDirector.gui.metadata_panel - INFO - Translation: Starting translation of 30 segments...
2026-01-02 16:51:00 - CyneDirector.gui.metadata_panel - INFO - Translation: Analyzing transcript: 0 English segments, 30 non-English segments
2026-01-02 16:51:01 - CyneDirector.core.translator - INFO - DeepL translator initialized successfully
2026-01-02 16:51:01 - CyneDirector.core.translator - INFO - Found 0 English segments and 30 non-English segments
2026-01-02 16:51:01 - CyneDirector.gui.metadata_panel - INFO - Translation: DeepL API key provided: 83ce02fd-8...
2026-01-02 16:51:01 - CyneDirector.gui.metadata_panel - INFO - Translation: Using DeepL API for translation (translating only non-English segments)...
2026-01-02 16:51:01 - CyneDirector.core.translator - DEBUG - DeepL translation: 807 chars -> 807 chars
2026-01-02 16:51:01 - CyneDirector.core.translator - WARNING - Translation returned identical text - translation may have failed
2026-01-02 16:51:01 - CyneDirector.core.translator - WARNING - Translated text still contains Hindi characters - retrying...
2026-01-02 16:51:02 - CyneDirector.core.translator - DEBUG - DeepL translation: 807 chars -> 807 chars
2026-01-02 16:51:02 - CyneDirector.core.translator - ERROR - Translation retry failed: Translation failed: text still contains Hindi characters after retry
2026-01-02 16:51:02 - CyneDirector.core.translator - ERROR - Translation failed: Translation failed: Translation failed: text still contains Hindi characters after retry
2026-01-02 16:51:02 - CyneDirector.gui.metadata_panel - INFO - Translation: DeepL translation error: Translation failed: Translation failed: Translation failed: text still contains Hindi characters after retry. Falling back to Whisper...
2026-01-02 16:51:02 - CyneDirector.gui.metadata_panel - INFO - Translation: Falling back to Whisper built-in translation (re-transcribing with translate mode)...
2026-01-02 16:51:02 - CyneDirector.gui.metadata_panel - INFO - Translation: Re-transcribing audio with translation to English...
2026-01-02 16:51:08 - CyneDirector.core.translator - DEBUG - Filtered out non-English segment: Oh, have a happy day....
2026-01-02 16:51:08 - CyneDirector.core.translator - DEBUG - Filtered out non-English segment: Very cool. Very nice, Shanti....
2026-01-02 16:51:08 - CyneDirector.core.translator - DEBUG - Filtered out non-English segment: You must have enjoyed it....
2026-01-02 16:51:08 - CyneDirector.core.translator - DEBUG - Filtered out non-English segment: Thank you....
2026-01-02 16:51:08 - CyneDirector.core.translator - DEBUG - Filtered out non-English segment: Thank you....
2026-01-02 16:51:08 - CyneDirector.core.translator - DEBUG - Filtered out non-English segment: It's a type font....
2026-01-02 16:51:08 - CyneDirector.core.translator - DEBUG - Filtered out non-English segment: Oh, great. I'm also a calligraphy artist....
2026-01-02 16:51:08 - CyneDirector.core.translator - DEBUG - Filtered out non-English segment: Oh, a calligraphy artist....
2026-01-02 16:51:08 - CyneDirector.core.translator - DEBUG - Filtered out non-English segment: That's great....
2026-01-02 16:51:08 - CyneDirector.core.translator - DEBUG - Filtered out non-English segment: So, Mansi, how can we help you?...
2026-01-02 16:51:08 - CyneDirector.core.translator - DEBUG - Filtered out non-English segment: Yeah, I actually need help editing, selling, promo...
2026-01-02 16:51:08 - CyneDirector.core.translator - DEBUG - Filtered out non-English segment: So, like, if you know someone who knows someone,...
2026-01-02 16:51:08 - CyneDirector.core.translator - DEBUG - Filtered out non-English segment: if you know someone who knows someone,...
2026-01-02 16:51:08 - CyneDirector.core.translator - DEBUG - Filtered out non-English segment: it's great....
2026-01-02 16:51:08 - CyneDirector.core.translator - DEBUG - Filtered out non-English segment: Yeah, yeah....
2026-01-02 16:51:08 - CyneDirector.core.translator - DEBUG - Filtered out non-English segment: You want to brand us?...
2026-01-02 16:51:08 - CyneDirector.core.translator - DEBUG - Filtered out non-English segment: We can help you scheme your show in our studio stu...
2026-01-02 16:51:08 - CyneDirector.core.translator - DEBUG - Filtered out non-English segment: Okay....
2026-01-02 16:51:08 - CyneDirector.core.translator - DEBUG - Filtered out non-English segment: Yeah, we can do it. Yeah, actually....
2026-01-02 16:51:08 - CyneDirector.core.translator - DEBUG - Filtered out non-English segment: That's quite nice....
2026-01-02 16:51:08 - CyneDirector.core.translator - DEBUG - Filtered out non-English segment: That's very sweet....
2026-01-02 16:51:08 - CyneDirector.core.translator - DEBUG - Filtered out non-English segment: Thanks. But it wasn't all for nothing....
2026-01-02 16:51:08 - CyneDirector.gui.metadata_panel - INFO - Translation: Filtered out 22 non-English segments from translation
2026-01-02 16:51:08 - CyneDirector.gui.metadata_panel - INFO - Translation: Whisper translation complete: 8 segments
2026-01-02 16:51:08 - CyneDirector.gui.metadata_panel - INFO - Translation: Formatting 8 translated segments...
2026-01-02 16:51:08 - CyneDirector.gui.metadata_panel - INFO - Translation: Saving translated transcript to database...
2026-01-02 16:51:08 - CyneDirector.gui.metadata_panel - INFO - Translation: Translation complete! Method: whisper, Segments: 8
2026-01-02 16:51:08 - CyneDirector.gui.metadata_panel - INFO - Updated English tab with 8 translated segments
2026-01-02 16:51:08 - CyneDirector.gui.metadata_panel - INFO - Translation: Processing complete!
2026-01-02 16:53:16 - CyneDirector.core.ai_models - DEBUG - Unloading models (keep_clip=False)
2026-01-02 16:53:16 - CyneDirector.core.ai_models - INFO - Releasing GPU Resources...
2026-01-02 16:53:16 - CyneDirector.core.ai_models - INFO - VRAM purged
2026-01-02 16:55:14 - CyneDirector - INFO - CyneDirector v2.1.0 - Logging initialized
2026-01-02 16:55:14 - CyneDirector - INFO - Log files: C:\Users\kanis\OneDrive\Desktop\Tools\CyneDirector_v20\logs\cynedirector.log, C:\Users\kanis\OneDrive\Desktop\Tools\CyneDirector_v20\logs\cynedirector_errors.log
2026-01-02 16:55:14 - CyneDirector.gui.project_dialog - DEBUG - Project dialog setup complete
2026-01-02 16:55:14 - CyneDirector.gui.project_dialog - DEBUG - Project dialog shown
2026-01-02 16:55:29 - CyneDirector - INFO - CyneDirector v2.1.0 - Logging initialized
2026-01-02 16:55:29 - CyneDirector - INFO - Log files: C:\Users\kanis\OneDrive\Desktop\Tools\CyneDirector_v20\logs\cynedirector.log, C:\Users\kanis\OneDrive\Desktop\Tools\CyneDirector_v20\logs\cynedirector_errors.log
2026-01-02 16:55:29 - CyneDirector.gui.project_dialog - DEBUG - Project dialog setup complete
2026-01-02 16:55:29 - CyneDirector.gui.project_dialog - DEBUG - Project dialog shown
2026-01-02 16:55:35 - CyneDirector.__main__ - INFO - Loading project: 1 at C:/Users/kanis/OneDrive/Desktop/Tools/Saves\1
2026-01-02 16:55:40 - CyneDirector.__main__ - DEBUG - Creating MainWindow instance
2026-01-02 16:55:40 - CyneDirector.gui.main_window - DEBUG - Initializing MainWindow: 1 at C:/Users/kanis/OneDrive/Desktop/Tools/Saves\1
2026-01-02 16:55:40 - CyneDirector.gui.main_window - DEBUG - Initializing Database
2026-01-02 16:55:40 - CyneDirector.core.database - DEBUG - Initializing database for project: C:/Users/kanis/OneDrive/Desktop/Tools/Saves\1
2026-01-02 16:55:40 - CyneDirector.core.database - DEBUG - Database folder created: C:/Users/kanis/OneDrive/Desktop/Tools/Saves\1\_cyne_db
2026-01-02 16:55:40 - CyneDirector.core.database - DEBUG - Creating ChromaDB client
2026-01-02 16:55:41 - CyneDirector.core.database - DEBUG - ChromaDB client created
2026-01-02 16:55:41 - CyneDirector.core.database - DEBUG - Attempting to get existing visuals collection
2026-01-02 16:55:41 - CyneDirector.core.database - DEBUG - Creating new visuals collection with metadata
2026-01-02 16:55:41 - CyneDirector.core.database - DEBUG - Created visuals collection
2026-01-02 16:55:41 - CyneDirector.core.database - DEBUG - Attempting faces collection
2026-01-02 16:55:41 - CyneDirector.core.database - DEBUG - Attempting transcripts collection
2026-01-02 16:55:41 - CyneDirector.core.database - DEBUG - Attempting temporal_sequences collection
2026-01-02 16:55:41 - CyneDirector.core.database - INFO - Database initialization completed successfully
2026-01-02 16:55:41 - CyneDirector.gui.main_window - DEBUG - Database initialized
2026-01-02 16:55:41 - CyneDirector.gui.main_window - DEBUG - Initializing WorkflowManager
2026-01-02 16:55:41 - CyneDirector.gui.main_window - DEBUG - WorkflowManager initialized and connected
2026-01-02 16:55:41 - CyneDirector.gui.main_window - DEBUG - Setting up UI
2026-01-02 16:55:41 - CyneDirector.gui.embedded_player - DEBUG - EmbeddedPlayerWidget initialized
2026-01-02 16:55:46 - CyneDirector.gui.main_window - DEBUG - UI setup complete, creating menu bar
2026-01-02 16:55:46 - CyneDirector.gui.main_window - DEBUG - Menu bar created
2026-01-02 16:55:47 - CyneDirector.gui.main_window - DEBUG - Loading project
2026-01-02 16:55:47 - CyneDirector.gui.main_window - DEBUG - MainWindow initialization complete
2026-01-02 16:55:47 - CyneDirector.__main__ - DEBUG - MainWindow created successfully
2026-01-02 16:55:47 - CyneDirector.__main__ - INFO - MainWindow shown, entering event loop
2026-01-02 16:55:48 - CyneDirector.gui.embedded_player - DEBUG - Loading video: G:/Freelance/Mansi Daga/Studio Sorted/07_Export/Reel 2 - v3 Colored.mov at 0s
2026-01-02 16:55:49 - CyneDirector.core.translator - INFO - DeepL translator initialized successfully
2026-01-02 16:55:51 - CyneDirector.gui.metadata_panel - INFO - Translation: Checking for existing transcript...
2026-01-02 16:55:51 - CyneDirector.gui.metadata_panel - INFO - Translation: Transcribing audio in original language...
2026-01-02 16:55:51 - CyneDirector.gui.metadata_panel - INFO - Translation: Loading Whisper model...
2026-01-02 16:55:56 - CyneDirector.gui.metadata_panel - INFO - Translation: Transcribing audio in original language...
2026-01-02 16:55:57 - CyneDirector.gui.metadata_panel - INFO - Translation: Detected language: hi
2026-01-02 16:56:28 - CyneDirector.gui.metadata_panel - INFO - Translation: Saved 20 transcript segments
2026-01-02 16:56:28 - CyneDirector.gui.metadata_panel - INFO - Translation: Starting translation of 20 segments...
2026-01-02 16:56:28 - CyneDirector.gui.metadata_panel - INFO - Translation: Analyzing transcript: 1 English segments, 9 non-English segments
2026-01-02 16:56:29 - CyneDirector.core.translator - INFO - DeepL translator initialized successfully
2026-01-02 16:56:29 - CyneDirector.gui.metadata_panel - INFO - Translation: DeepL API key provided: 83ce02fd-8...
2026-01-02 16:56:29 - CyneDirector.gui.metadata_panel - INFO - Translation: Using DeepL API for translation (translating only non-English segments)...
2026-01-02 16:56:29 - CyneDirector.core.translator - INFO - Found 1 English segments and 19 non-English segments
2026-01-02 16:56:29 - CyneDirector.core.translator - DEBUG - DeepL translation: 771 chars -> 771 chars
2026-01-02 16:56:29 - CyneDirector.core.translator - WARNING - Translation returned identical text - translation may have failed
2026-01-02 16:56:29 - CyneDirector.core.translator - WARNING - Translated text still contains Hindi characters - retrying...
2026-01-02 16:56:29 - CyneDirector.core.translator - DEBUG - DeepL translation: 771 chars -> 771 chars
2026-01-02 16:56:29 - CyneDirector.core.translator - ERROR - Translation retry failed: Translation failed: text still contains Hindi characters after retry
2026-01-02 16:56:29 - CyneDirector.core.translator - ERROR - Translation failed: Translation failed: Translation failed: text still contains Hindi characters after retry
2026-01-02 16:56:29 - CyneDirector.gui.metadata_panel - INFO - Translation: DeepL translation error: Translation failed: Translation failed: Translation failed: text still contains Hindi characters after retry. Falling back to Whisper...
2026-01-02 16:56:29 - CyneDirector.gui.metadata_panel - INFO - Translation: Falling back to Whisper built-in translation (re-transcribing with translate mode)...
2026-01-02 16:56:29 - CyneDirector.gui.metadata_panel - INFO - Translation: Re-transcribing audio with translation to English...
2026-01-02 16:56:35 - CyneDirector.core.translator - DEBUG - Filtered out non-English segment: Oh, have a happy day....
2026-01-02 16:56:35 - CyneDirector.core.translator - DEBUG - Filtered out non-English segment: Very cool. Very nice, Shanti....
2026-01-02 16:56:35 - CyneDirector.core.translator - DEBUG - Filtered out non-English segment: You must have enjoyed it....
2026-01-02 16:56:35 - CyneDirector.core.translator - DEBUG - Filtered out non-English segment: Thank you....
2026-01-02 16:56:35 - CyneDirector.core.translator - DEBUG - Filtered out non-English segment: Thank you....
2026-01-02 16:56:35 - CyneDirector.core.translator - DEBUG - Filtered out non-English segment: It's a type font....
2026-01-02 16:56:35 - CyneDirector.core.translator - DEBUG - Filtered out non-English segment: Oh, great. I'm also a calligraphy artist....
2026-01-02 16:56:35 - CyneDirector.core.translator - DEBUG - Filtered out non-English segment: Oh, a calligraphy artist....
2026-01-02 16:56:35 - CyneDirector.core.translator - DEBUG - Filtered out non-English segment: That's great....
2026-01-02 16:56:35 - CyneDirector.core.translator - DEBUG - Filtered out non-English segment: So, Mansi, how can we help you?...
2026-01-02 16:56:35 - CyneDirector.core.translator - DEBUG - Filtered out non-English segment: Yeah, I actually need help editing, selling, promo...
2026-01-02 16:56:35 - CyneDirector.core.translator - DEBUG - Filtered out non-English segment: So, like, if you know someone who knows someone,...
2026-01-02 16:56:35 - CyneDirector.core.translator - DEBUG - Filtered out non-English segment: if you know someone who knows someone,...
2026-01-02 16:56:35 - CyneDirector.core.translator - DEBUG - Filtered out non-English segment: it's great....
2026-01-02 16:56:35 - CyneDirector.core.translator - DEBUG - Filtered out non-English segment: Yeah, yeah....
2026-01-02 16:56:35 - CyneDirector.core.translator - DEBUG - Filtered out non-English segment: You want to brand us?...
2026-01-02 16:56:35 - CyneDirector.core.translator - DEBUG - Filtered out non-English segment: We can help you scheme your show in our studio stu...
2026-01-02 16:56:35 - CyneDirector.core.translator - DEBUG - Filtered out non-English segment: Okay....
2026-01-02 16:56:35 - CyneDirector.core.translator - DEBUG - Filtered out non-English segment: Yeah, we can do it. Yeah, actually....
2026-01-02 16:56:35 - CyneDirector.core.translator - DEBUG - Filtered out non-English segment: That's quite nice....
2026-01-02 16:56:35 - CyneDirector.core.translator - DEBUG - Filtered out non-English segment: That's very sweet....
2026-01-02 16:56:35 - CyneDirector.core.translator - DEBUG - Filtered out non-English segment: Thanks. But it wasn't all for nothing....
2026-01-02 16:56:35 - CyneDirector.gui.metadata_panel - INFO - Translation: Filtered out 22 non-English segments from translation
2026-01-02 16:56:35 - CyneDirector.gui.metadata_panel - INFO - Translation: Whisper translation complete: 8 segments
2026-01-02 16:56:35 - CyneDirector.gui.metadata_panel - INFO - Translation: Formatting 8 translated segments...
2026-01-02 16:56:35 - CyneDirector.gui.metadata_panel - INFO - Translation: Saving translated transcript to database...
2026-01-02 16:56:36 - CyneDirector.gui.metadata_panel - INFO - Translation: Translation complete! Method: whisper, Segments: 8
2026-01-02 16:56:36 - CyneDirector.gui.metadata_panel - INFO - Updated English tab with 8 translated segments
2026-01-02 16:56:36 - CyneDirector.gui.metadata_panel - INFO - Translation: Processing complete!
2026-01-02 16:57:46 - CyneDirector.core.ai_models - DEBUG - Unloading models (keep_clip=False)
2026-01-02 16:57:46 - CyneDirector.core.ai_models - INFO - Releasing GPU Resources...
2026-01-02 16:57:46 - CyneDirector.core.ai_models - INFO - VRAM purged
2026-01-15 11:47:05 - CyneDirector - INFO - CyneDirector v2.1.0 - Logging initialized
2026-01-15 11:47:05 - CyneDirector - INFO - Log files: C:\Users\kanis\OneDrive\Desktop\Tools\CyneDirector_v20\logs\cynedirector.log, C:\Users\kanis\OneDrive\Desktop\Tools\CyneDirector_v20\logs\cynedirector_errors.log
2026-01-15 11:47:05 - CyneDirector.gui.project_dialog - DEBUG - Project dialog setup complete
2026-01-15 11:47:05 - CyneDirector.gui.project_dialog - DEBUG - Project dialog shown
2026-01-15 11:47:20 - CyneDirector.__main__ - INFO - Loading project: 1 at C:/Users/kanis/OneDrive/Desktop\1
2026-01-15 11:47:30 - CyneDirector.__main__ - DEBUG - Creating MainWindow instance
2026-01-15 11:47:30 - CyneDirector.gui.main_window - DEBUG - Initializing MainWindow: 1 at C:/Users/kanis/OneDrive/Desktop\1
2026-01-15 11:47:30 - CyneDirector.gui.main_window - DEBUG - Initializing Database
2026-01-15 11:47:30 - CyneDirector.core.database - DEBUG - Initializing database for project: C:/Users/kanis/OneDrive/Desktop\1
2026-01-15 11:47:30 - CyneDirector.core.database - DEBUG - Database folder created: C:/Users/kanis/OneDrive/Desktop\1\_cyne_db
2026-01-15 11:47:30 - CyneDirector.core.database - DEBUG - Creating ChromaDB client
2026-01-15 11:47:30 - CyneDirector.core.database - DEBUG - ChromaDB client created
2026-01-15 11:47:30 - CyneDirector.core.database - DEBUG - Attempting to get existing visuals collection
2026-01-15 11:47:30 - CyneDirector.core.database - DEBUG - Creating new visuals collection with metadata
2026-01-15 11:47:30 - CyneDirector.core.database - DEBUG - Created visuals collection
2026-01-15 11:47:30 - CyneDirector.core.database - DEBUG - Attempting faces collection
2026-01-15 11:47:30 - CyneDirector.core.database - DEBUG - Attempting transcripts collection
2026-01-15 11:47:30 - CyneDirector.core.database - DEBUG - Attempting temporal_sequences collection
2026-01-15 11:47:30 - CyneDirector.core.database - INFO - Database initialization completed successfully
2026-01-15 11:47:30 - CyneDirector.gui.main_window - DEBUG - Database initialized
2026-01-15 11:47:30 - CyneDirector.gui.main_window - DEBUG - Initializing WorkflowManager
2026-01-15 11:47:30 - CyneDirector.gui.main_window - DEBUG - WorkflowManager initialized and connected
2026-01-15 11:47:30 - CyneDirector.gui.main_window - DEBUG - Setting up UI
2026-01-15 11:47:30 - CyneDirector.gui.embedded_player - DEBUG - EmbeddedPlayerWidget initialized
2026-01-15 11:47:36 - CyneDirector.gui.main_window - DEBUG - UI setup complete, creating menu bar
2026-01-15 11:47:36 - CyneDirector.gui.main_window - DEBUG - Menu bar created
2026-01-15 11:47:37 - CyneDirector.gui.main_window - DEBUG - Loading project
2026-01-15 11:47:37 - CyneDirector.gui.main_window - DEBUG - MainWindow initialization complete
2026-01-15 11:47:37 - CyneDirector.__main__ - DEBUG - MainWindow created successfully
2026-01-15 11:47:38 - CyneDirector.__main__ - INFO - MainWindow shown, entering event loop
2026-01-15 11:48:26 - CyneDirector.gui.embedded_player - DEBUG - Loading video: I:/Aptos/BTS Documentry/Day 1/Card 1/C0382.MP4 at 0s
2026-01-15 11:48:27 - CyneDirector.core.translator - INFO - DeepL translator initialized successfully
2026-01-15 11:48:38 - CyneDirector.core.performance - DEBUG - Optimal batch size: 64 (available RAM: 48949MB)
2026-01-15 11:48:38 - CyneDirector.workers.indexer - INFO - Indexer initialized with batch_size=64 (mode=accuracy)
2026-01-15 11:48:38 - CyneDirector.core.performance - DEBUG - Memory usage IndexerWorker init: 1599MB / 48949MB available
2026-01-15 11:48:38 - CyneDirector.workers.indexer - DEBUG - IndexerWorker.run() started (mode=accuracy)
2026-01-15 11:48:54 - CyneDirector.gui.embedded_player - DEBUG - Loading video: I:/Aptos/BTS Documentry/Day 1/Card 1/C0381.MP4 at 0s
2026-01-15 11:48:54 - CyneDirector.core.translator - INFO - DeepL translator initialized successfully
2026-01-15 11:49:06 - CyneDirector.gui.embedded_player - DEBUG - Loading video: I:/Aptos/BTS Documentry/Day 1/Card 1/C0382.MP4 at 0s
2026-01-15 11:49:07 - CyneDirector.core.translator - INFO - DeepL translator initialized successfully
2026-01-15 11:49:28 - CyneDirector.core.performance - DEBUG - Memory usage Before indexing loop: 3348MB / 47344MB available
2026-01-15 11:49:28 - CyneDirector.core.performance - DEBUG - Memory usage Processing file 1/2: 3348MB / 47344MB available
2026-01-15 11:50:20 - CyneDirector.gui.embedded_player - DEBUG - Loading video: I:/Aptos/BTS Documentry/Day 1/Card 1/C0382.MP4 at 0s
2026-01-15 11:50:21 - CyneDirector.core.translator - INFO - DeepL translator initialized successfully
2026-01-15 11:58:09 - CyneDirector.workers.indexer - DEBUG - Unloading models (keeping CLIP for transcript embeddings)
2026-01-15 11:58:09 - CyneDirector.core.ai_models - DEBUG - Unloading models (keep_clip=True)
2026-01-15 11:58:09 - CyneDirector.core.ai_models - INFO - Releasing GPU Resources...
2026-01-15 11:58:09 - CyneDirector.core.ai_models - DEBUG - Keeping CLIP loaded (needed for transcript embeddings)
2026-01-15 11:58:09 - CyneDirector.core.ai_models - INFO - VRAM purged
2026-01-15 11:58:09 - CyneDirector.workers.indexer - DEBUG - Models unloaded successfully
2026-01-15 11:58:09 - CyneDirector.workers.indexer - DEBUG - Indexing complete, emitting finished signal
2026-01-15 11:58:14 - CyneDirector.gui.embedded_player - DEBUG - Loading video: I:/Aptos/BTS Documentry/Day 1/Card 1/C0382.MP4 at 0s
2026-01-15 11:58:15 - CyneDirector.core.translator - INFO - DeepL translator initialized successfully
2026-01-15 12:00:04 - CyneDirector.gui.embedded_player - DEBUG - Loading video: I:/Aptos/BTS Documentry/Day 1/Card 1/C0382.MP4 at 0s
2026-01-15 12:00:05 - CyneDirector.core.translator - INFO - DeepL translator initialized successfully
2026-01-15 12:01:29 - CyneDirector.core.ai_models - DEBUG - Unloading models (keep_clip=False)
2026-01-15 12:01:29 - CyneDirector.core.ai_models - INFO - Releasing GPU Resources...
2026-01-15 12:01:29 - CyneDirector.core.ai_models - INFO - VRAM purged
2026-01-15 12:01:29 - CyneDirector.__main__ - CRITICAL - CRASH: 'MediaTree' object has no attribute 'refresh_all_statuses'
Traceback (most recent call last):
  File "C:\Users\kanis\OneDrive\Desktop\Tools\CyneDirector_v20\gui\main_window.py", line 1405, in on_workflow_finished
    self._refresh_tree_highlighting()
  File "C:\Users\kanis\OneDrive\Desktop\Tools\CyneDirector_v20\gui\main_window.py", line 1418, in _refresh_tree_highlighting
    self.tree.refresh_all_statuses()
    ^^^^^^^^^^^^^^^^^^^^^^^^^^^^^^
AttributeError: 'MediaTree' object has no attribute 'refresh_all_statuses'

2026-01-15 16:36:21 - CyneDirector.gui.embedded_player - DEBUG - Loading video: I:/Aptos/BTS Documentry/Day 1/Card 1/C0382.MP4 at 0s
2026-01-15 16:36:22 - CyneDirector.core.translator - INFO - DeepL translator initialized successfully
2026-01-15 16:36:23 - CyneDirector.gui.embedded_player - DEBUG - Loading video: I:/Aptos/BTS Documentry/Day 1/Card 1/C0382.MP4 at 0s
2026-01-15 16:36:24 - CyneDirector.core.translator - INFO - DeepL translator initialized successfully
2026-01-15 16:36:24 - CyneDirector.gui.embedded_player - DEBUG - Loading video: I:/Aptos/BTS Documentry/Day 1/Card 1/C0381.MP4 at 0s
2026-01-15 16:36:25 - CyneDirector.core.translator - INFO - DeepL translator initialized successfully
2026-01-15 16:36:32 - CyneDirector.core.ai_models - DEBUG - Unloading models (keep_clip=False)
2026-01-15 16:36:32 - CyneDirector.core.ai_models - INFO - Releasing GPU Resources...
2026-01-15 16:36:32 - CyneDirector.core.ai_models - INFO - VRAM purged
2026-01-15 18:46:36 - CyneDirector - INFO - CyneDirector v2.1.0 - Logging initialized
2026-01-15 18:46:36 - CyneDirector - INFO - Log files: C:\Users\kanis\OneDrive\Desktop\Tools\CyneDirector_v20\logs\cynedirector.log, C:\Users\kanis\OneDrive\Desktop\Tools\CyneDirector_v20\logs\cynedirector_errors.log
2026-01-15 18:46:36 - CyneDirector.gui.project_dialog - DEBUG - Project dialog setup complete
2026-01-15 18:46:36 - CyneDirector.gui.project_dialog - DEBUG - Project dialog shown
2026-01-15 18:46:46 - CyneDirector.__main__ - INFO - Loading project: 2 at C:/Users/kanis/OneDrive/Desktop/Tools/Saves\2
2026-01-15 18:46:46 - CyneDirector.__main__ - ERROR - Exception during MainWindow creation
Traceback (most recent call last):
  File "C:\Users\kanis\OneDrive\Desktop\Tools\CyneDirector_v20\main.py", line 100, in main
    from gui.main_window import MainWindow
  File "C:\Users\kanis\OneDrive\Desktop\Tools\CyneDirector_v20\gui\main_window.py", line 4, in <module>
    import cv2
ModuleNotFoundError: No module named 'cv2'
